,threshold,found_rows,found_cols
0,0.01,"[  0   1   2   3   4   5   6   7   8   9  10  11  12  13  14  15  16  17
  18  19  20  21  22  23  24  25  26  27  28  29  30  31  32  33  34  35
  36  37  38  39  40  41  42  43  44  45  46  47  48  49  50  51  52  53
  54  55  56  57  58  59  60  61  62  63  64  65  66  67  68  69  70  71
  72  73  74  75  76  77  78  79  80  81  82  83  84  85  86  87  88  89
  90  91  92  93  94  95  96  97  98  99 100 101 102 103 104 105 106 107
 108 109 110 111 112 113 114 115 116 117 118 119 120 121 122 123 124 125
 126 127 128 129 130 131 132 133 134 135 136 137 138 139 140 141 142 143
 144]","[ 0  1  2  4  5  7  8  9 10 12 13 15 16 18 22 23 24 25 29 30 31 32 36 37
 43 44 45 46 50 51 55 56 57 67 68 71 73 74 75 78]"
1,0.01,"[  0   1   2   3   4   5   6   7   8   9  10  11  12  13  14  15  16  17
  18  19  20  21  22  23  24  25  26  27  28  29  30  31  32  33  34  35
  36  37  38  39  40  41  42  43  44  45  46  47  48  49  50  51  52  53
  54  55  56  57  58  59  60  61  62  63  64  65  66  67  68  69  70  71
  72  73  74  75  76  77  78  79  80  81  82  83  84  85  86  87  88  89
  90  91  92  93  94  95  96  97  98  99 100 101 102 103 104 105 106 107
 108 109 110 111 112 113 114 115 116 117 118 119 120 121 122 123 124 125
 126 127 129 130 131 132 133 134 135 136 137 138 139 140 141 142 143 144]","[ 0  1  2  3  4  5  7  8  9 10 12 13 15 16 17 18 19 20 22 23 24 25 29 30
 31 32 36 37 43 44 45 46 50 51 55 56 57 67 68 71 73 74 75 78]"
2,0.01,"[  0   1   2   3   4   5   6   7   8   9  10  11  12  13  14  15  16  17
  18  19  20  21  22  23  24  25  26  27  28  29  30  31  32  33  34  35
  36  37  38  39  40  41  42  43  44  45  46  47  48  49  50  51  52  53
  54  55  56  57  58  59  60  61  62  63  64  65  66  67  68  69  70  71
  72  73  74  75  76  77  78  79  80  81  82  83  84  85  86  87  88  89
  90  91  92  93  94  95  96  97  98  99 101 102 103 104 105 106 107 108
 109 110 111 112 113 114 115 116 117 118 119 120 121 122 123 124 125 126
 127 128 129 130 131 132 133 134 135 136 137 138 139 140 141 142 143 144]","[ 0  1  2  4  5  7  8  9 10 12 13 15 16 18 22 23 24 25 29 30 31 32 36 37
 43 44 45 46 48 50 51 55 56 57 67 68 70 71 73 74 75 78]"
3,0.01,"[  0   1   2   3   4   5   6   7   8   9  10  11  12  13  14  15  16  17
  18  19  20  21  22  23  24  25  26  27  28  29  30  31  32  34  35  36
  37  38  39  40  41  42  43  44  45  46  47  48  49  50  51  52  53  54
  55  56  57  58  59  60  61  62  63  64  65  66  67  68  69  70  71  72
  73  74  75  76  77  78  79  80  81  82  83  84  85  86  87  88  89  90
  91  92  93  94  95  96  97  98  99 100 101 102 103 104 105 106 107 108
 109 110 111 112 113 114 115 116 117 118 119 120 121 122 123 124 125 126
 127 128 129 130 131 132 133 134 135 136 137 138 139 140 141 142 143 144]","[ 0  1  2  4  5  7  8  9 10 12 13 15 16 18 22 23 24 25 29 30 31 32 36 37
 39 43 44 45 46 50 51 55 56 57 67 68 71 73 74 75 78]"
4,0.01,"[  0   1   2   3   4   5   6   7   8   9  10  11  12  13  14  15  16  17
  18  19  20  21  22  23  24  25  26  27  28  29  30  31  32  33  34  35
  36  37  38  39  40  41  42  43  44  45  46  47  48  49  50  51  52  53
  54  55  56  57  58  59  60  61  62  63  64  65  66  67  68  69  70  71
  72  73  74  75  76  77  78  79  80  81  82  83  84  85  86  87  88  89
  90  91  92  93  94  95  96  97  98  99 101 102 103 104 105 106 107 108
 109 110 111 112 113 114 115 116 117 118 119 120 121 122 123 124 125 126
 127 129 130 131 132 133 134 135 136 137 138 139 140 141 142 143 144]","[ 0  1  2  3  4  5  7  8  9 10 12 13 15 16 17 18 19 20 22 23 24 25 29 30
 31 32 36 37 43 44 45 46 48 50 51 55 56 57 67 68 70 71 73 74 75 78]"
5,0.01,"[  0   1   2   3   4   5   6   7   8   9  10  11  12  13  14  15  16  17
  18  19  20  21  22  23  24  25  26  27  28  29  30  31  32  34  35  36
  37  38  39  40  41  42  43  44  45  46  47  48  49  50  51  52  53  54
  55  56  57  58  59  60  61  62  63  64  65  66  67  68  69  70  71  72
  73  74  75  76  77  78  79  80  81  82  83  84  85  86  87  88  89  90
  91  92  93  94  95  96  97  98  99 100 101 102 103 104 105 106 107 108
 109 110 111 112 113 114 115 116 117 118 119 120 121 122 123 124 125 126
 127 129 130 131 132 133 134 135 136 137 138 139 140 141 142 143 144]","[ 0  1  2  3  4  5  7  8  9 10 12 13 15 16 17 18 19 20 22 23 24 25 29 30
 31 32 36 37 39 43 44 45 46 50 51 55 56 57 67 68 71 73 74 75 78]"
6,0.01,"[  0   1   2   3   4   5   6   7   8   9  10  11  12  13  14  15  16  17
  18  19  20  21  22  23  24  25  26  27  28  29  30  31  32  33  34  35
  36  37  38  39  40  41  42  43  44  45  46  47  48  49  50  51  52  53
  54  55  56  57  58  59  60  61  62  63  64  65  66  67  68  69  70  71
  72  73  74  75  76  77  78  79  80  81  82  83  84  85  86  88  89  90
  91  92  93  94  95  96  97  98  99 100 101 102 103 104 105 106 107 108
 109 110 111 112 113 114 115 116 117 118 119 120 121 122 123 124 125 126
 127 129 130 131 132 133 134 135 136 137 138 139 140 141 142 143 144]","[ 0  1  2  3  4  5  7  8  9 10 12 13 14 15 16 17 18 19 20 22 23 24 25 29
 30 31 32 36 37 43 44 45 46 50 51 55 56 57 67 68 71 73 74 75 78]"
7,0.01,"[  0   1   2   3   4   5   6   7   8   9  10  11  12  13  14  15  16  17
  18  19  20  21  22  23  24  25  26  27  28  29  30  32  34  35  36  37
  38  39  40  41  42  43  44  45  46  47  48  49  50  51  52  53  54  55
  56  57  58  59  60  61  62  63  64  65  66  67  68  69  70  71  72  73
  74  75  76  77  78  79  80  81  82  83  84  85  86  87  88  89  90  91
  92  93  94  95  96  97  98  99 100 101 102 103 104 105 106 107 108 109
 110 111 112 113 114 115 116 117 118 119 120 121 122 123 124 125 126 127
 128 129 130 131 132 133 134 135 136 137 138 139 140 141 142 143 144]","[ 0  1  2  4  5  7  8  9 10 12 13 15 16 18 22 23 24 25 29 30 31 32 36 37
 39 43 44 45 46 50 51 55 56 57 67 68 71 73 74 75 76 78]"
8,0.01,"[  0   1   2   3   4   5   6   7   8   9  10  11  12  13  14  15  16  17
  18  19  20  21  22  23  24  25  26  27  28  29  30  31  32  34  35  36
  37  38  39  40  41  42  43  44  45  46  47  48  49  50  51  52  53  54
  55  56  57  58  59  60  61  62  63  64  65  66  67  68  69  70  71  72
  73  74  75  76  77  78  79  80  81  82  83  84  85  86  87  88  89  90
  91  92  93  94  95  96  97  98  99 101 102 103 104 105 106 107 108 109
 110 111 112 113 114 115 116 117 118 119 120 121 122 123 124 125 126 127
 129 130 131 132 133 134 135 136 137 138 139 140 141 142 143 144]","[ 0  1  2  3  4  5  7  8  9 10 12 13 15 16 17 18 19 20 22 23 24 25 29 30
 31 32 36 37 39 43 44 45 46 48 50 51 55 56 57 67 68 70 71 73 74 75 78]"
9,0.01,"[  0   1   2   3   4   5   6   7   8   9  10  11  12  13  14  15  16  17
  18  19  20  21  22  23  24  25  26  27  28  29  30  31  32  34  35  36
  37  38  39  40  41  42  43  44  45  46  47  48  49  50  51  52  53  54
  55  56  57  58  59  60  61  62  63  64  65  66  67  68  69  70  71  72
  73  74  75  76  77  78  79  80  81  82  83  84  85  86  88  89  90  91
  92  93  94  95  96  97  98  99 101 102 103 104 105 106 107 108 109 110
 111 112 113 114 115 116 117 118 119 120 121 122 123 124 125 126 127 129
 130 131 132 133 134 135 136 137 138 139 140 141 142 143 144]","[ 0  1  2  3  4  5  7  8  9 10 12 13 14 15 16 17 18 19 20 22 23 24 25 29
 30 31 32 36 37 39 43 44 45 46 48 50 51 55 56 57 67 68 70 71 73 74 75 78]"
10,0.059500000000000004,"[  0   1   2   3   4   5   6   7   8   9  10  11  12  13  14  15  16  17
  18  19  20  21  22  23  24  25  26  27  28  29  30  31  32  34  35  36
  37  38  39  40  41  42  43  44  45  46  47  48  49  50  51  52  53  54
  55  56  57  58  59  60  61  62  63  64  65  66  67  68  69  70  71  72
  73  74  75  76  77  79  80  81  82  83  84  85  86  87  88  89  90  91
  92  93  94  95  96  97  98  99 101 102 103 104 105 106 107 108 109 110
 111 112 113 114 115 116 117 118 119 120 121 122 123 124 125 126 127 129
 130 131 132 133 134 135 136 137 138 139 140 141 142 143 144]","[ 0  1  2  3  4  5  7  8  9 10 12 13 15 16 17 18 19 20 22 23 24 25 29 30
 31 32 34 36 37 39 43 44 45 46 48 50 51 55 56 57 67 68 70 71 73 74 75 78]"
11,0.059500000000000004,"[  0   1   2   3   4   5   6   7   8   9  10  11  12  13  14  15  16  17
  18  19  20  21  22  23  24  25  26  27  28  29  30  32  34  35  36  37
  38  39  40  41  42  43  44  45  46  47  48  49  50  51  52  53  54  55
  56  57  58  59  60  61  62  63  64  65  66  67  68  69  70  71  72  73
  74  75  76  77  79  80  81  82  83  84  85  86  87  88  89  90  91  92
  93  94  95  96  97  98  99 101 102 103 104 105 106 107 108 109 110 111
 112 113 114 115 116 117 118 119 120 121 122 123 124 125 126 127 129 130
 131 132 133 134 135 136 137 138 139 140 141 142 143 144]","[ 0  1  2  3  4  5  7  8  9 10 12 13 15 16 17 18 19 20 22 23 24 25 29 30
 31 32 34 36 37 39 43 44 45 46 48 50 51 55 56 57 67 68 70 71 73 74 75 76
 78]"
12,0.15850000000000003,"[  0   1   2   3   4   5   6   7   8   9  10  11  12  13  14  15  16  17
  18  19  20  21  22  23  24  25  26  27  28  29  30  31  32  34  35  36
  37  38  39  40  41  42  43  44  45  46  47  48  49  50  51  52  53  54
  55  56  57  58  59  60  61  62  63  64  65  66  67  68  69  70  71  72
  73  74  75  76  77  79  80  81  82  83  84  85  86  88  89  90  91  92
  93  94  95  96  97  98  99 101 102 103 104 105 106 107 108 109 110 111
 112 113 114 115 116 117 118 119 120 121 122 123 124 125 126 127 129 130
 131 132 133 134 135 136 137 138 139 140 141 142 143 144]","[ 0  1  2  3  4  5  7  8  9 10 12 13 14 15 16 17 18 19 20 22 23 24 25 29
 30 31 32 34 36 37 39 43 44 45 46 48 50 51 55 56 57 67 68 70 71 73 74 75
 78]"
13,0.2575,"[  0   1   2   3   4   5   6   7   8   9  10  11  12  13  14  15  16  17
  18  19  20  21  22  23  24  25  26  27  28  29  30  32  34  35  36  37
  38  39  40  41  42  43  44  45  46  47  48  49  50  51  52  53  54  55
  56  57  58  59  60  61  62  63  64  65  66  67  68  69  70  71  72  73
  74  75  76  77  78  79  80  81  82  83  84  85  86  88  89  90  91  92
  93  94  95  96  97  98  99 101 102 103 104 105 106 107 108 109 110 111
 112 113 114 115 116 117 118 119 120 121 122 123 124 125 126 127 129 130
 131 132 133 134 135 136 137 138 139 140 141 142 143 144]","[ 0  1  2  3  4  5  7  8  9 10 12 13 14 15 16 17 18 19 20 22 23 24 25 29
 30 31 32 36 37 39 43 44 45 46 48 50 51 55 56 57 67 68 70 71 73 74 75 76
 78]"
14,0.059500000000000004,"[  0   1   2   3   4   5   6   7   8   9  10  11  12  13  14  15  16  17
  18  19  20  21  22  23  24  25  26  27  28  29  30  32  34  35  36  37
  38  39  40  41  42  43  44  45  46  47  48  49  50  51  52  53  54  55
  56  57  58  59  60  61  62  63  64  65  66  67  68  69  70  71  72  73
  74  75  76  77  79  80  81  82  83  84  85  86  88  89  90  91  92  93
  94  95  96  97  98  99 101 102 103 104 105 106 107 108 109 110 111 112
 113 114 115 116 117 118 119 120 121 122 123 124 125 126 127 129 130 131
 132 133 134 135 136 137 138 139 140 141 142 143 144]","[ 0  1  2  3  4  5  7  8  9 10 12 13 14 15 16 17 18 19 20 22 23 24 25 29
 30 31 32 34 36 37 39 43 44 45 46 48 50 51 55 56 57 67 68 70 71 73 74 75
 76 78]"
15,0.059500000000000004,"[  0   1   2   3   4   5   6   7   8   9  10  11  12  13  14  15  16  17
  18  19  20  21  22  23  24  25  26  27  28  29  30  32  34  35  36  37
  38  39  40  41  42  43  44  45  46  47  48  49  50  51  52  53  54  55
  56  57  58  59  60  61  62  63  64  65  66  67  68  69  70  71  72  73
  74  75  76  77  78  79  80  81  82  83  84  85  86  87  88  89  90  91
  92  93  94  95  96  97  98 101 102 103 104 105 106 107 108 109 110 111
 112 113 114 115 116 117 118 119 120 121 122 124 125 126 127 129 130 131
 132 133 134 135 136 137 138 139 140 141 142 143 144]","[ 0  1  2  3  4  5  7  8  9 10 12 13 15 16 17 18 19 20 22 23 24 25 29 30
 31 32 36 37 39 43 44 45 46 48 50 51 53 55 56 57 67 68 70 71 73 74 75 76
 78]"
16,0.109,"[  0   1   2   3   4   5   6   7   8   9  10  11  12  13  14  15  16  17
  18  19  20  21  22  23  24  25  26  27  28  29  30  31  32  34  35  36
  37  38  39  40  41  42  43  44  45  46  47  48  49  50  51  52  53  54
  55  56  57  58  59  60  61  62  63  64  65  66  67  68  69  70  71  72
  73  74  75  76  77  79  80  81  82  83  84  85  86  87  88  89  90  91
  92  93  94  95  96  97  98 101 102 103 104 105 106 107 108 109 110 111
 112 113 114 115 116 117 118 119 120 121 122 124 125 126 127 129 130 131
 132 133 134 135 136 137 138 139 140 141 142 143 144]","[ 0  1  2  3  4  5  7  8  9 10 12 13 15 16 17 18 19 20 22 23 24 25 29 30
 31 32 34 36 37 39 43 44 45 46 48 50 51 53 55 56 57 67 68 70 71 73 74 75
 78]"
17,0.20800000000000002,"[  0   1   2   3   4   5   6   7   8   9  10  11  12  13  14  15  16  17
  18  19  20  21  22  23  24  25  26  27  28  29  30  31  32  34  35  36
  37  38  39  40  41  42  43  44  45  46  47  48  49  50  51  52  53  54
  55  56  57  58  59  60  61  62  63  64  65  66  67  68  69  70  71  72
  73  74  75  76  77  78  79  80  81  82  83  84  85  86  88  89  90  91
  92  93  94  95  96  97  98 101 102 103 104 105 106 107 108 109 110 111
 112 113 114 115 116 117 118 119 120 121 122 124 125 126 127 129 130 131
 132 133 134 135 136 137 138 139 140 141 142 143 144]","[ 0  1  2  3  4  5  7  8  9 10 12 13 14 15 16 17 18 19 20 22 23 24 25 29
 30 31 32 36 37 39 43 44 45 46 48 50 51 53 55 56 57 67 68 70 71 73 74 75
 78]"
18,0.2575,"[  0   1   2   3   4   5   6   7   8   9  10  11  12  13  14  15  16  17
  18  19  20  21  22  23  24  25  26  27  28  29  30  31  32  34  35  36
  37  38  39  40  41  42  43  44  45  46  47  48  49  50  51  52  53  54
  55  56  57  58  59  60  61  62  63  64  65  66  67  68  69  70  71  72
  73  74  75  76  77  79  80  81  82  83  84  85  86  88  89  90  91  92
  93  94  95  96  97  98 101 102 103 104 105 106 107 108 109 110 111 112
 113 114 115 116 117 118 119 120 121 122 124 125 126 127 129 130 131 132
 133 134 135 136 137 138 139 140 141 142 143 144]","[ 0  1  2  3  4  5  7  8  9 10 12 13 14 15 16 17 18 19 20 22 23 24 25 29
 30 31 32 34 36 37 39 43 44 45 46 48 50 51 53 55 56 57 67 68 70 71 73 74
 75 78]"
19,0.059500000000000004,"[  0   1   2   3   4   5   6   7   8   9  10  11  12  13  14  15  16  17
  18  19  20  21  22  23  24  25  26  27  28  29  30  32  34  35  36  37
  38  39  40  41  42  43  44  45  46  47  48  49  50  51  52  53  54  55
  56  57  58  59  60  61  62  63  64  65  66  67  68  69  70  71  72  73
  74  75  76  77  79  80  81  82  83  84  85  86  88  89  90  91  92  93
  94  95  96  97  98 101 102 103 104 105 106 107 108 109 110 111 112 113
 114 115 116 117 118 119 120 121 122 124 125 126 127 129 130 131 132 133
 134 135 136 137 138 139 140 141 142 143 144]","[ 0  1  2  3  4  5  7  8  9 10 12 13 14 15 16 17 18 19 20 22 23 24 25 29
 30 31 32 34 36 37 39 43 44 45 46 48 50 51 53 55 56 57 67 68 70 71 73 74
 75 76 78]"
20,0.15850000000000003,"[  1   2   3   4   5   6   7   8   9  10  11  12  13  14  15  17  18  19
  20  21  22  23  24  25  26  27  28  29  30  31  32  34  35  36  37  38
  39  40  41  42  43  44  45  46  47  48  49  50  51  52  53  54  55  56
  57  58  59  60  61  62  63  64  65  66  67  68  69  70  71  74  75  76
  77  78  79  80  81  82  83  84  85  86  88  89  90  91  92  93  94  95
  96  97  98  99 101 102 103 104 105 106 107 108 109 110 111 112 113 114
 115 116 117 118 119 120 121 122 123 124 125 126 127 129 130 131 132 133
 134 135 136 137 138 139 140 141 142 143 144]","[ 0  1  2  3  4  5  7  8  9 10 12 13 14 15 16 17 18 19 20 22 23 24 25 29
 30 31 32 36 37 39 43 44 45 46 48 50 51 55 56 57 67 68 69 70 71 73 74 75
 78]"
21,0.15850000000000003,"[  1   2   3   4   5   6   7   8   9  10  11  12  13  14  15  16  17  18
  19  20  21  22  23  24  25  26  27  28  29  30  31  32  34  35  36  37
  38  39  40  41  42  43  44  45  46  47  48  49  50  51  52  53  54  56
  57  58  59  60  61  62  63  64  65  66  67  68  69  70  71  73  74  75
  76  77  78  79  80  81  82  83  84  85  86  88  89  90  91  92  93  94
  95  96  97  98  99 101 102 103 104 105 106 107 108 109 110 111 112 113
 114 115 116 117 118 119 120 121 122 123 124 125 126 127 129 130 131 132
 133 134 135 137 138 139 140 141 142 143 144]","[ 0  1  2  3  4  5  7  8  9 10 12 13 14 15 16 17 18 19 20 22 23 24 25 29
 30 31 32 36 37 38 39 43 44 45 46 48 50 51 55 56 57 67 68 70 71 73 74 75
 78]"
22,0.15850000000000003,"[  0   1   2   3   4   5   6   7   8   9  10  11  12  13  14  15  16  17
  18  19  20  21  22  23  24  25  26  27  28  29  30  31  32  34  36  37
  38  39  41  42  43  44  45  46  47  48  49  50  51  52  53  54  55  56
  57  58  59  60  61  62  63  64  65  66  67  68  69  70  71  73  74  75
  76  77  78  79  80  81  82  83  84  85  86  88  89  90  91  92  93  94
  95  96  97  98  99 101 102 103 104 105 106 107 108 109 110 111 112 113
 114 115 116 117 118 119 120 121 122 123 124 125 126 127 129 131 132 133
 134 135 136 137 138 139 140 141 142 143 144]","[ 0  1  2  3  4  5  7  8  9 10 12 13 14 15 16 17 18 19 20 21 22 23 24 25
 29 30 31 32 36 37 39 43 44 45 46 48 50 51 55 56 57 67 68 70 71 73 74 75
 78]"
23,0.059500000000000004,"[  0   1   2   3   4   5   6   7   8   9  10  11  12  13  14  15  16  17
  18  19  20  21  22  23  24  25  26  27  28  29  30  31  32  34  36  37
  38  39  41  42  43  44  45  46  47  48  49  50  51  52  53  54  55  56
  57  58  59  60  61  62  63  64  65  66  67  68  69  70  71  73  74  75
  76  77  79  80  81  82  83  84  85  86  88  89  90  91  92  93  94  95
  96  97  98  99 101 102 103 104 105 106 107 108 109 110 111 112 113 114
 115 116 117 118 119 120 121 122 123 124 125 126 127 129 131 132 133 134
 135 136 137 138 139 140 141 142 143 144]","[ 0  1  2  3  4  5  7  8  9 10 12 13 14 15 16 17 18 19 20 21 22 23 24 25
 29 30 31 32 34 36 37 39 43 44 45 46 48 50 51 55 56 57 67 68 70 71 73 74
 75 78]"
24,0.109,"[  1   2   3   4   5   6   7   8   9  10  11  12  13  14  15  17  18  19
  20  21  22  23  24  25  26  27  28  29  30  32  34  35  36  37  38  39
  40  41  42  43  44  45  46  47  48  49  50  51  52  53  54  55  56  57
  58  59  60  61  62  63  64  65  66  67  68  69  70  71  74  75  76  77
  78  79  80  81  82  83  84  85  86  88  89  90  91  92  93  94  95  96
  97  98  99 101 102 103 104 105 106 107 108 109 110 111 112 113 114 115
 116 117 118 119 120 121 122 123 124 125 126 127 129 130 131 132 133 134
 135 136 137 138 139 140 141 142 143 144]","[ 0  1  2  3  4  5  7  8  9 10 12 13 14 15 16 17 18 19 20 22 23 24 25 29
 30 31 32 36 37 39 43 44 45 46 48 50 51 55 56 57 67 68 69 70 71 73 74 75
 76 78]"
25,0.109,"[  1   2   3   4   5   6   7   8   9  10  11  12  13  14  15  16  17  18
  19  20  21  22  23  24  25  26  27  28  29  30  32  34  35  36  37  38
  39  40  41  42  43  44  45  46  47  48  49  50  51  52  53  54  56  57
  58  59  60  61  62  63  64  65  66  67  68  69  70  71  73  74  75  76
  77  78  79  80  81  82  83  84  85  86  88  89  90  91  92  93  94  95
  96  97  98  99 101 102 103 104 105 106 107 108 109 110 111 112 113 114
 115 116 117 118 119 120 121 122 123 124 125 126 127 129 130 131 132 133
 134 135 137 138 139 140 141 142 143 144]","[ 0  1  2  3  4  5  7  8  9 10 12 13 14 15 16 17 18 19 20 22 23 24 25 29
 30 31 32 36 37 38 39 43 44 45 46 48 50 51 55 56 57 67 68 70 71 73 74 75
 76 78]"
26,0.15850000000000003,"[  1   2   3   4   5   6   7   8   9  10  11  12  13  14  15  17  18  19
  20  21  22  23  24  25  26  27  28  29  30  31  32  34  35  36  37  38
  39  40  41  42  43  44  45  46  47  48  49  50  51  52  53  54  55  56
  57  58  59  60  61  62  63  64  65  66  67  68  69  70  71  74  75  76
  77  79  80  81  82  83  84  85  86  88  89  90  91  92  93  94  95  96
  97  98  99 101 102 103 104 105 106 107 108 109 110 111 112 113 114 115
 116 117 118 119 120 121 122 123 124 125 126 127 129 130 131 132 133 134
 135 136 137 138 139 140 141 142 143 144]","[ 0  1  2  3  4  5  7  8  9 10 12 13 14 15 16 17 18 19 20 22 23 24 25 29
 30 31 32 34 36 37 39 43 44 45 46 48 50 51 55 56 57 67 68 69 70 71 73 74
 75 78]"
27,0.059500000000000004,"[  1   2   3   4   5   6   7   8   9  10  11  12  13  14  15  17  18  19
  20  21  22  23  24  25  26  27  28  29  30  31  32  34  35  36  37  38
  39  40  41  42  43  44  45  46  47  48  49  50  51  52  53  54  55  56
  57  58  59  60  61  62  63  64  65  66  67  68  69  70  71  74  75  76
  77  78  79  80  81  82  83  84  85  86  87  88  89  90  91  92  93  94
  95  96  97  98 101 102 103 104 105 106 107 108 109 110 111 112 113 114
 115 116 117 118 119 120 121 122 124 125 126 127 129 130 131 132 133 134
 135 136 137 138 139 140 141 142 143 144]","[ 0  1  2  3  4  5  7  8  9 10 12 13 15 16 17 18 19 20 22 23 24 25 29 30
 31 32 36 37 39 43 44 45 46 48 50 51 53 55 56 57 67 68 69 70 71 73 74 75
 78]"
28,0.109,"[  1   2   3   4   5   6   7   8   9  10  11  12  13  14  15  16  17  18
  19  20  21  22  23  24  25  26  27  28  29  30  31  32  33  34  36  37
  38  39  41  42  43  44  45  46  47  48  49  50  51  52  53  54  56  57
  58  59  60  61  62  63  64  65  66  67  68  69  70  71  73  74  75  76
  77  78  79  80  81  82  83  84  85  86  88  89  90  91  92  93  94  95
  96  97  98  99 100 101 102 103 104 105 106 107 108 109 110 111 112 113
 114 115 116 117 118 119 120 121 122 123 124 125 126 127 129 131 132 133
 134 135 137 138 139 140 141 142 143 144]","[ 0  1  2  3  4  5  7  8  9 10 12 13 14 15 16 17 18 19 20 21 22 23 24 25
 29 30 31 32 36 37 38 43 44 45 46 50 51 55 56 57 67 68 71 73 74 75 78]"
29,0.059500000000000004,"[  1   2   3   4   5   6   7   8   9  10  11  12  13  14  15  17  18  19
  20  21  22  23  24  25  26  27  28  29  30  32  34  35  36  37  38  39
  40  41  42  43  44  45  46  47  48  49  50  51  52  53  54  55  56  57
  58  59  60  61  62  63  64  65  66  67  68  69  70  71  74  75  76  77
  79  80  81  82  83  84  85  86  88  89  90  91  92  93  94  95  96  97
  98  99 101 102 103 104 105 106 107 108 109 110 111 112 113 114 115 116
 117 118 119 120 121 122 123 124 125 126 127 129 130 131 132 133 134 135
 136 137 138 139 140 141 142 143 144]","[ 0  1  2  3  4  5  7  8  9 10 12 13 14 15 16 17 18 19 20 22 23 24 25 29
 30 31 32 34 36 37 39 43 44 45 46 48 50 51 55 56 57 67 68 69 70 71 73 74
 75 76 78]"
30,0.15850000000000003,"[  0   1   2   3   4   5   6   7   8   9  10  11  12  13  14  15  16  17
  18  19  20  21  22  23  24  25  26  27  28  29  30  32  34  36  37  38
  39  41  42  43  44  45  46  47  48  49  50  51  52  53  54  55  56  57
  58  59  60  61  62  63  64  65  66  67  68  69  70  71  73  74  75  76
  77  79  80  81  82  83  84  85  86  88  89  90  91  92  93  94  95  96
  97  98  99 101 102 103 104 105 106 107 108 109 110 111 112 113 114 115
 116 117 118 119 120 121 122 123 124 125 126 127 129 131 132 133 134 135
 136 137 138 139 140 141 142 143 144]","[ 0  1  2  3  4  5  7  8  9 10 12 13 14 15 16 17 18 19 20 21 22 23 24 25
 29 30 31 32 34 36 37 39 43 44 45 46 48 50 51 55 56 57 67 68 70 71 73 74
 75 76 78]"
31,0.20800000000000002,"[  1   2   3   4   5   6   7   8   9  10  11  12  13  14  15  16  17  18
  19  20  21  22  23  24  25  26  27  28  29  30  32  34  35  36  37  38
  39  40  41  42  43  44  45  46  47  48  49  50  51  52  53  54  56  57
  58  59  60  61  62  63  64  65  66  67  68  69  70  71  73  74  75  76
  77  79  80  81  82  83  84  85  86  88  89  90  91  92  93  94  95  96
  97  98  99 101 102 103 104 105 106 107 108 109 110 111 112 113 114 115
 116 117 118 119 120 121 122 123 124 125 126 127 129 130 131 132 133 134
 135 137 138 139 140 141 142 143 144]","[ 0  1  2  3  4  5  7  8  9 10 12 13 14 15 16 17 18 19 20 22 23 24 25 29
 30 31 32 34 36 37 38 39 43 44 45 46 48 50 51 55 56 57 67 68 70 71 73 74
 75 76 78]"
32,0.109,"[  1   2   3   4   5   6   7   8   9  10  11  12  13  14  15  17  18  19
  20  21  22  23  24  25  26  27  28  29  30  31  32  34  35  36  37  38
  39  40  41  42  43  44  45  46  47  48  49  50  51  52  53  54  56  57
  58  59  60  61  62  63  64  65  66  67  68  69  70  71  74  75  76  77
  78  79  80  81  82  83  84  85  86  88  89  90  91  92  93  94  95  96
  97  98  99 101 102 103 104 105 106 107 108 109 110 111 112 113 114 115
 116 117 118 119 120 121 122 123 124 125 126 127 129 130 131 132 133 134
 135 137 138 139 140 141 142 143 144]","[ 0  1  2  3  4  5  7  8  9 10 12 13 14 15 16 17 18 19 20 22 23 24 25 29
 30 31 32 36 37 38 39 43 44 45 46 48 50 51 55 56 57 67 68 69 70 71 73 74
 75 78]"
33,0.059500000000000004,"[  0   1   2   3   4   5   7   8   9  10  11  12  13  14  15  16  17  18
  19  20  21  22  23  24  25  26  27  28  29  30  31  32  34  35  36  37
  38  39  40  42  43  44  45  46  47  48  49  50  52  53  54  55  56  57
  58  59  60  62  63  64  65  66  67  68  69  71  72  73  74  75  76  77
  79  80  81  82  83  84  85  86  87  88  89  90  91  92  93  94  95  96
  97  98  99 101 102 103 104 105 106 107 108 109 110 111 112 113 114 115
 116 117 118 119 120 121 122 123 124 125 126 127 129 130 131 133 134 135
 136 137 138 139 140 141 142 143 144]","[ 0  1  2  3  4  5  7  8  9 10 12 13 15 16 17 18 19 20 22 23 24 25 29 30
 31 32 34 36 37 39 43 44 45 46 48 50 51 55 56 57 59 67 68 70 71 73 74 75
 78]"
34,0.059500000000000004,"[  1   2   3   4   5   6   7   8   9  10  11  12  13  14  15  17  18  19
  20  21  22  23  24  25  26  27  28  29  30  32  34  35  36  37  38  39
  40  41  42  43  44  45  46  47  48  49  50  51  52  53  54  56  57  58
  59  60  61  62  63  64  65  66  67  68  69  70  71  74  75  76  77  78
  79  80  81  82  83  84  85  86  88  89  90  91  92  93  94  95  96  97
  98  99 101 102 103 104 105 106 107 108 109 110 111 112 113 114 115 116
 117 118 119 120 121 122 123 124 125 126 127 129 130 131 132 133 134 135
 137 138 139 140 141 142 143 144]","[ 0  1  2  3  4  5  7  8  9 10 12 13 14 15 16 17 18 19 20 22 23 24 25 29
 30 31 32 36 37 38 39 43 44 45 46 48 50 51 55 56 57 67 68 69 70 71 73 74
 75 76 78]"
35,0.15850000000000003,"[  1   2   3   4   5   6   7   8   9  10  11  12  13  14  15  17  18  19
  20  21  22  23  24  25  26  27  28  29  30  31  32  34  35  36  37  38
  39  40  41  42  43  44  45  46  47  48  49  50  51  52  53  54  56  57
  58  59  60  61  62  63  64  65  66  67  68  69  70  71  74  75  76  77
  79  80  81  82  83  84  85  86  88  89  90  91  92  93  94  95  96  97
  98  99 101 102 103 104 105 106 107 108 109 110 111 112 113 114 115 116
 117 118 119 120 121 122 123 124 125 126 127 129 130 131 132 133 134 135
 137 138 139 140 141 142 143 144]","[ 0  1  2  3  4  5  7  8  9 10 12 13 14 15 16 17 18 19 20 22 23 24 25 29
 30 31 32 34 36 37 38 39 43 44 45 46 48 50 51 55 56 57 67 68 69 70 71 73
 74 75 78]"
36,0.15850000000000003,"[  1   2   3   4   5   6   7   8   9  10  11  12  13  14  15  16  17  18
  19  20  21  22  23  24  25  26  27  28  29  30  31  32  34  35  36  37
  38  39  40  41  42  43  44  45  46  47  48  49  50  51  52  53  54  56
  57  58  59  60  61  62  63  64  65  66  67  68  69  70  71  73  74  75
  76  77  79  80  81  82  83  84  85  86  88  89  90  91  92  93  94  95
  96  97  98 101 102 103 104 105 106 107 108 109 110 111 112 113 114 115
 116 117 118 119 120 121 122 124 125 126 127 129 130 131 132 133 134 135
 137 138 139 140 141 142 143 144]","[ 0  1  2  3  4  5  7  8  9 10 12 13 14 15 16 17 18 19 20 22 23 24 25 29
 30 31 32 34 36 37 38 39 43 44 45 46 48 50 51 53 55 56 57 67 68 70 71 73
 74 75 78]"
37,0.2575,"[  1   2   3   4   5   6   7   8   9  10  11  12  13  14  15  17  18  19
  20  21  22  23  24  25  26  27  28  29  30  31  32  34  35  36  37  38
  39  40  41  42  43  44  45  46  47  48  49  50  51  52  53  54  55  56
  57  58  59  60  61  62  63  64  65  66  67  68  69  70  71  74  75  76
  77  79  80  81  82  83  84  85  86  88  89  90  91  92  93  94  95  96
  97  98 101 102 103 104 105 106 107 108 109 110 111 112 113 114 115 116
 117 118 119 120 121 122 124 125 126 127 129 130 131 132 133 134 135 136
 137 138 139 140 141 142 143 144]","[ 0  1  2  3  4  5  7  8  9 10 12 13 14 15 16 17 18 19 20 22 23 24 25 29
 30 31 32 34 36 37 39 43 44 45 46 48 50 51 53 55 56 57 67 68 69 70 71 73
 74 75 78]"
38,0.2575,"[  1   2   3   4   5   6   7   8   9  10  11  12  13  14  15  16  17  18
  19  20  21  22  23  24  25  26  27  28  29  30  32  34  35  36  37  38
  39  40  41  42  43  44  45  46  47  48  49  50  51  52  53  54  56  57
  58  59  60  61  62  63  64  65  66  67  68  69  70  71  73  74  75  76
  77  78  79  80  81  82  83  84  85  86  88  89  90  91  92  93  94  95
  96  97  98 101 102 103 104 105 106 107 108 109 110 111 112 113 114 115
 116 117 118 119 120 121 122 124 125 126 127 129 130 131 132 133 134 135
 137 138 139 140 141 142 143 144]","[ 0  1  2  3  4  5  7  8  9 10 12 13 14 15 16 17 18 19 20 22 23 24 25 29
 30 31 32 36 37 38 39 43 44 45 46 48 50 51 53 55 56 57 67 68 70 71 73 74
 75 76 78]"
39,0.20800000000000002,"[  1   2   3   4   5   6   7   8   9  10  11  12  13  14  15  16  17  18
  19  20  21  22  23  24  25  26  27  28  29  30  31  32  34  36  37  38
  39  41  42  43  44  45  46  47  48  49  50  51  52  53  54  56  57  58
  59  60  61  62  63  64  65  66  67  68  69  70  71  73  74  75  76  77
  78  79  80  81  82  83  84  85  86  88  89  90  91  92  93  94  95  96
  97  98  99 101 102 103 104 105 106 107 108 109 110 111 112 113 114 115
 116 117 118 119 120 121 122 123 124 125 126 127 129 131 132 133 134 135
 137 138 139 140 141 142 143 144]","[ 0  1  2  3  4  5  7  8  9 10 12 13 14 15 16 17 18 19 20 21 22 23 24 25
 29 30 31 32 36 37 38 39 43 44 45 46 48 50 51 55 56 57 67 68 70 71 73 74
 75 78]"
40,0.20800000000000002,"[  1   2   3   4   5   6   7   8   9  10  11  12  13  14  15  17  18  19
  20  21  22  23  24  25  26  27  28  29  30  31  32  34  36  37  38  39
  41  42  43  44  45  46  47  48  49  50  51  52  53  54  55  56  57  58
  59  60  61  62  63  64  65  66  67  68  69  70  71  74  75  76  77  78
  79  80  81  82  83  84  85  86  88  89  90  91  92  93  94  95  96  97
  98  99 101 102 103 104 105 106 107 108 109 110 111 112 113 114 115 116
 117 118 119 120 121 122 123 124 125 126 127 129 131 132 133 134 135 136
 137 138 139 140 141 142 143 144]","[ 0  1  2  3  4  5  7  8  9 10 12 13 14 15 16 17 18 19 20 21 22 23 24 25
 29 30 31 32 36 37 39 43 44 45 46 48 50 51 55 56 57 67 68 69 70 71 73 74
 75 78]"
41,0.059500000000000004,"[  1   2   3   4   5   6   7   8   9  10  11  12  13  14  15  17  18  19
  20  21  22  23  24  25  26  27  28  29  30  32  34  35  36  37  38  39
  40  41  42  43  44  45  46  47  48  49  50  51  52  53  54  55  56  57
  58  59  60  61  62  63  64  65  66  67  68  69  70  71  74  75  76  77
  79  80  81  82  83  84  85  86  88  89  90  91  92  93  94  95  96  97
  98 101 102 103 104 105 106 107 108 109 110 111 112 113 114 115 116 117
 118 119 120 121 122 124 125 126 127 129 130 131 132 133 134 135 136 137
 138 139 140 141 142 143 144]","[ 0  1  2  3  4  5  7  8  9 10 12 13 14 15 16 17 18 19 20 22 23 24 25 29
 30 31 32 34 36 37 39 43 44 45 46 48 50 51 53 55 56 57 67 68 69 70 71 73
 74 75 76 78]"
42,0.059500000000000004,"[  0   1   2   3   4   5   6   7   8   9  10  11  12  13  14  15  16  17
  18  19  20  21  22  23  24  25  26  27  28  29  30  32  34  36  37  38
  39  41  42  43  44  45  46  47  48  49  50  51  52  53  54  55  56  57
  58  59  60  61  62  63  64  65  66  67  68  69  70  71  73  74  75  76
  77  79  80  81  82  83  84  85  86  88  89  90  91  92  93  94  95  96
  97  98 101 102 103 104 105 106 107 108 109 110 111 112 113 114 115 116
 117 118 119 120 121 122 124 125 126 127 129 131 132 133 134 135 136 137
 138 139 140 141 142 143 144]","[ 0  1  2  3  4  5  7  8  9 10 12 13 14 15 16 17 18 19 20 21 22 23 24 25
 29 30 31 32 34 36 37 39 43 44 45 46 48 50 51 53 55 56 57 67 68 70 71 73
 74 75 76 78]"
43,0.059500000000000004,"[  1   2   3   4   5   6   7   8   9  10  11  12  13  14  15  16  17  18
  19  20  21  22  23  24  25  26  27  28  29  30  32  34  35  36  37  38
  39  40  41  42  43  44  45  46  47  48  49  50  51  52  53  54  56  57
  58  59  60  61  62  63  64  65  66  67  68  69  70  71  73  74  75  76
  77  79  80  81  82  83  84  85  86  88  89  90  91  92  93  94  95  96
  97  98 101 102 103 104 105 106 107 108 109 110 111 112 113 114 115 116
 117 118 119 120 121 122 124 125 126 127 129 130 131 132 133 134 135 137
 138 139 140 141 142 143 144]","[ 0  1  2  3  4  5  7  8  9 10 12 13 14 15 16 17 18 19 20 22 23 24 25 29
 30 31 32 34 36 37 38 39 43 44 45 46 48 50 51 53 55 56 57 67 68 70 71 73
 74 75 76 78]"
44,0.15850000000000003,"[  1   2   3   4   5   6   7   8   9  10  11  12  13  14  15  17  18  19
  20  21  22  23  24  25  26  27  28  29  30  32  34  35  36  37  38  39
  40  41  42  43  44  45  46  47  48  49  50  51  52  53  54  56  57  58
  59  60  61  62  63  64  65  66  67  68  69  70  71  74  75  76  77  79
  80  81  82  83  84  85  86  88  89  90  91  92  93  94  95  96  97  98
  99 101 102 103 104 105 106 107 108 109 110 111 112 113 114 115 116 117
 118 119 120 121 122 123 124 125 126 127 129 130 131 132 133 134 135 137
 138 139 140 141 142 143 144]","[ 0  1  2  3  4  5  7  8  9 10 12 13 14 15 16 17 18 19 20 22 23 24 25 29
 30 31 32 34 36 37 38 39 43 44 45 46 48 50 51 55 56 57 67 68 69 70 71 73
 74 75 76 78]"
45,0.15850000000000003,"[  1   2   3   4   5   6   7   8   9  10  11  12  13  14  15  17  18  19
  20  21  22  23  24  25  26  27  28  29  30  31  32  34  35  36  37  38
  39  40  41  42  43  44  45  46  47  48  49  50  51  52  53  54  56  57
  58  59  60  61  62  63  64  65  66  67  68  69  70  71  74  75  76  77
  78  79  80  81  82  83  84  85  86  88  89  90  91  92  93  94  95  96
  97  98 101 102 103 104 105 106 107 108 109 110 111 112 113 114 115 116
 117 118 119 120 121 122 124 125 126 127 129 130 131 132 133 134 135 137
 138 139 140 141 142 143 144]","[ 0  1  2  3  4  5  7  8  9 10 12 13 14 15 16 17 18 19 20 22 23 24 25 29
 30 31 32 36 37 38 39 43 44 45 46 48 50 51 53 55 56 57 67 68 69 70 71 73
 74 75 78]"
46,0.20800000000000002,"[  1   2   3   4   5   6   7   8   9  10  11  12  13  14  15  17  18  19
  20  21  22  23  24  25  26  27  28  29  30  31  32  34  36  37  38  39
  41  42  43  44  45  46  47  48  49  50  51  52  53  54  55  56  57  58
  59  60  61  62  63  64  65  66  67  68  69  70  71  74  75  76  77  79
  80  81  82  83  84  85  86  88  89  90  91  92  93  94  95  96  97  98
  99 101 102 103 104 105 106 107 108 109 110 111 112 113 114 115 116 117
 118 119 120 121 122 123 124 125 126 127 129 131 132 133 134 135 136 137
 138 139 140 141 142 143 144]","[ 0  1  2  3  4  5  7  8  9 10 12 13 14 15 16 17 18 19 20 21 22 23 24 25
 29 30 31 32 34 36 37 39 43 44 45 46 48 50 51 55 56 57 67 68 69 70 71 73
 74 75 78]"
47,0.059500000000000004,"[  1   2   3   4   5   6   7   8   9  10  11  12  13  14  15  16  17  18
  19  20  21  22  23  24  25  26  27  28  29  30  32  34  35  36  37  38
  39  41  42  43  44  45  46  47  48  49  50  51  52  53  54  56  57  58
  59  60  61  62  63  64  65  66  67  68  69  70  73  74  75  76  77  79
  80  81  82  83  84  85  86  88  89  90  91  92  93  94  95  96  97  98
  99 101 102 103 104 105 106 107 108 109 110 112 113 114 115 116 117 118
 119 120 121 122 123 124 125 126 127 129 130 131 132 133 134 135 137 138
 139 140 141 142 143 144]","[ 0  1  2  3  4  5  7  8  9 10 12 13 14 15 16 17 18 19 20 22 23 24 25 29
 30 31 32 33 34 36 37 38 39 43 44 45 46 48 50 51 55 56 57 67 68 70 71 73
 74 75 76 78]"
48,0.15850000000000003,"[  1   2   3   4   5   6   7   8   9  10  11  12  13  14  15  17  18  19
  20  21  22  23  24  25  26  27  28  29  30  31  32  34  35  36  37  38
  39  40  41  42  43  44  45  46  47  48  49  50  51  52  53  54  56  57
  58  59  60  61  62  63  64  65  66  67  68  69  70  71  74  75  76  77
  79  80  81  82  83  84  85  86  88  89  90  91  92  93  94  95  96  97
  98 101 102 103 104 105 106 107 108 109 110 111 112 113 114 115 116 117
 118 119 120 121 122 124 125 126 127 129 130 131 132 133 134 135 137 138
 139 140 141 142 143 144]","[ 0  1  2  3  4  5  7  8  9 10 12 13 14 15 16 17 18 19 20 22 23 24 25 29
 30 31 32 34 36 37 38 39 43 44 45 46 48 50 51 53 55 56 57 67 68 69 70 71
 73 74 75 78]"
49,0.15850000000000003,"[  1   2   3   4   5   6   7   8   9  10  11  12  13  14  15  17  18  19
  20  21  22  23  24  25  26  27  28  29  30  32  34  36  37  38  39  41
  42  43  44  45  46  47  48  49  50  51  52  53  54  55  56  57  58  59
  60  61  62  63  64  65  66  67  68  69  70  71  74  75  76  77  79  80
  81  82  83  84  85  86  88  89  90  91  92  93  94  95  96  97  98  99
 101 102 103 104 105 106 107 108 109 110 111 112 113 114 115 116 117 118
 119 120 121 122 123 124 125 126 127 129 131 132 133 134 135 136 137 138
 139 140 141 142 143 144]","[ 0  1  2  3  4  5  7  8  9 10 12 13 14 15 16 17 18 19 20 21 22 23 24 25
 29 30 31 32 34 36 37 39 43 44 45 46 48 50 51 55 56 57 67 68 69 70 71 73
 74 75 76 78]"
50,0.20800000000000002,"[  1   2   3   4   5   6   7   8   9  10  11  12  13  14  15  16  17  18
  19  20  21  22  23  24  25  26  27  28  29  30  32  34  36  37  38  39
  41  42  43  44  45  46  47  48  49  50  51  52  53  54  56  57  58  59
  60  61  62  63  64  65  66  67  68  69  70  71  73  74  75  76  77  79
  80  81  82  83  84  85  86  88  89  90  91  92  93  94  95  96  97  98
  99 101 102 103 104 105 106 107 108 109 110 111 112 113 114 115 116 117
 118 119 120 121 122 123 124 125 126 127 129 131 132 133 134 135 137 138
 139 140 141 142 143 144]","[ 0  1  2  3  4  5  7  8  9 10 12 13 14 15 16 17 18 19 20 21 22 23 24 25
 29 30 31 32 34 36 37 38 39 43 44 45 46 48 50 51 55 56 57 67 68 70 71 73
 74 75 76 78]"
51,0.20800000000000002,"[  1   2   3   4   5   6   7   8   9  10  11  12  13  14  15  17  18  19
  20  21  22  23  24  25  26  27  28  29  30  32  34  35  36  37  38  39
  40  41  42  43  44  45  46  47  48  49  50  51  52  53  54  56  57  58
  59  60  61  62  63  64  65  66  67  68  69  70  71  74  75  76  77  78
  79  80  81  82  83  84  85  86  88  89  90  91  92  93  94  95  96  97
  98 101 102 103 104 105 106 107 108 109 110 111 112 113 114 115 116 117
 118 119 120 121 122 124 125 126 127 129 130 131 132 133 134 135 137 138
 139 140 141 142 143 144]","[ 0  1  2  3  4  5  7  8  9 10 12 13 14 15 16 17 18 19 20 22 23 24 25 29
 30 31 32 36 37 38 39 43 44 45 46 48 50 51 53 55 56 57 67 68 69 70 71 73
 74 75 76 78]"
52,0.35650000000000004,"[  1   2   3   4   5   6   7   8   9  10  11  12  13  14  15  17  18  19
  20  21  22  23  24  25  27  28  29  30  32  34  35  36  37  38  39  40
  41  42  43  44  45  46  47  49  50  51  52  53  54  55  56  57  58  59
  60  61  62  63  64  65  66  67  69  70  71  74  75  76  77  79  80  81
  82  83  84  85  86  88  89  90  91  92  93  94  95  96  97  98  99 101
 102 103 104 105 106 107 108 109 110 111 112 113 114 115 116 117 118 119
 120 121 122 123 124 125 126 127 129 130 131 132 133 134 135 136 137 138
 139 140 141 142 143 144]","[ 0  1  2  3  4  5  7  8  9 10 12 13 14 15 16 17 18 19 20 22 23 24 25 29
 30 31 32 34 36 37 39 43 44 45 46 48 49 50 51 55 56 57 67 68 69 70 71 73
 74 75 76 78]"
53,0.109,"[  1   2   3   4   5   6   7   8   9  10  11  12  13  14  15  17  18  19
  20  21  22  23  24  25  27  28  29  30  31  32  34  35  36  37  38  39
  40  41  42  43  44  45  46  47  49  50  51  52  53  54  55  56  57  58
  59  60  61  62  63  64  65  66  67  69  70  71  74  75  76  77  78  79
  80  81  82  83  84  85  86  88  89  90  91  92  93  94  95  96  97  98
 101 102 103 104 105 106 107 108 109 110 111 112 113 114 115 116 117 118
 119 120 121 122 124 125 126 127 129 130 131 132 133 134 135 136 137 138
 139 140 141 142 143 144]","[ 0  1  2  3  4  5  7  8  9 10 12 13 14 15 16 17 18 19 20 22 23 24 25 29
 30 31 32 36 37 39 43 44 45 46 48 49 50 51 53 55 56 57 67 68 69 70 71 73
 74 75 78]"
54,0.109,"[  1   2   3   4   5   6   7   8   9  10  11  12  13  14  15  17  18  19
  20  21  22  23  24  25  27  28  29  30  31  32  34  35  36  37  38  39
  40  41  42  43  44  45  46  47  49  50  51  52  53  54  56  57  58  59
  60  61  62  63  64  65  66  67  69  70  71  74  75  76  77  78  79  80
  81  82  83  84  85  86  88  89  90  91  92  93  94  95  96  97  98  99
 101 102 103 104 105 106 107 108 109 110 111 112 113 114 115 116 117 118
 119 120 121 122 123 124 125 126 127 129 130 131 132 133 134 135 137 138
 139 140 141 142 143 144]","[ 0  1  2  3  4  5  7  8  9 10 12 13 14 15 16 17 18 19 20 22 23 24 25 29
 30 31 32 36 37 38 39 43 44 45 46 48 49 50 51 55 56 57 67 68 69 70 71 73
 74 75 78]"
55,0.109,"[  1   2   3   4   5   6   7   8   9  10  11  12  13  14  15  17  18  19
  20  21  22  23  24  25  26  27  28  29  30  31  32  34  36  37  38  39
  41  42  43  44  45  46  47  48  49  50  51  52  53  54  56  57  58  59
  60  61  62  63  64  65  66  67  68  69  70  71  74  75  76  77  78  79
  80  81  82  83  84  85  86  88  89  90  91  92  93  94  95  96  97  98
  99 101 102 103 104 105 106 107 108 109 110 111 112 113 114 115 116 117
 118 119 120 121 122 123 124 125 126 127 129 131 132 133 134 135 137 138
 139 140 141 142 143 144]","[ 0  1  2  3  4  5  7  8  9 10 12 13 14 15 16 17 18 19 20 21 22 23 24 25
 29 30 31 32 36 37 38 39 43 44 45 46 48 50 51 55 56 57 67 68 69 70 71 73
 74 75 78]"
56,0.109,"[  1   2   3   4   5   6   7   8   9  10  11  12  13  14  15  17  18  19
  20  21  22  23  24  25  26  27  28  29  30  31  32  34  35  36  37  38
  39  41  42  43  44  45  46  47  48  49  50  51  52  53  54  56  57  58
  59  60  61  62  63  64  65  66  67  68  69  70  74  75  76  77  78  79
  80  81  82  83  84  85  86  88  89  90  91  92  93  94  95  96  97  98
  99 101 102 103 104 105 106 107 108 109 110 112 113 114 115 116 117 118
 119 120 121 122 123 124 125 126 127 129 130 131 132 133 134 135 137 138
 139 140 141 142 143 144]","[ 0  1  2  3  4  5  7  8  9 10 12 13 14 15 16 17 18 19 20 22 23 24 25 29
 30 31 32 33 36 37 38 39 43 44 45 46 48 50 51 55 56 57 67 68 69 70 71 73
 74 75 78]"
57,0.059500000000000004,"[  1   2   3   4   5   6   7   8   9  10  11  12  13  14  15  17  18  19
  20  21  22  23  24  25  26  27  28  29  30  32  34  35  36  37  38  39
  40  41  42  43  44  45  46  47  48  49  50  51  52  53  54  56  57  58
  59  60  61  62  63  64  65  66  67  68  69  70  71  74  75  76  77  79
  80  81  82  83  84  85  86  88  89  90  91  92  93  94  95  96  97  98
 101 102 103 104 105 106 107 108 109 110 111 112 113 114 115 116 117 118
 119 120 121 122 124 125 126 127 129 130 131 132 133 134 135 137 138 139
 140 141 142 143 144]","[ 0  1  2  3  4  5  7  8  9 10 12 13 14 15 16 17 18 19 20 22 23 24 25 29
 30 31 32 34 36 37 38 39 43 44 45 46 48 50 51 53 55 56 57 67 68 69 70 71
 73 74 75 76 78]"
58,0.059500000000000004,"[  0   1   2   3   4   5   7   8   9  10  11  12  13  14  15  16  17  18
  19  20  21  22  23  24  25  26  27  28  29  30  32  34  35  36  37  38
  39  40  42  43  44  45  46  47  48  49  50  52  53  54  55  56  57  58
  59  60  62  63  64  65  66  67  68  69  71  72  73  74  75  76  77  79
  80  81  82  83  84  85  86  88  89  90  91  92  93  94  95  96  97  98
 101 102 103 104 105 106 107 108 109 110 111 112 113 114 115 116 117 118
 119 120 121 122 124 125 126 127 129 130 131 133 134 135 136 137 138 139
 140 141 142 143 144]","[ 0  1  2  3  4  5  7  8  9 10 12 13 14 15 16 17 18 19 20 22 23 24 25 29
 30 31 32 34 36 37 39 43 44 45 46 48 50 51 53 55 56 57 59 67 68 70 71 73
 74 75 76 78]"
59,0.109,"[  1   2   3   4   5   6   7   8   9  10  11  12  13  14  15  17  18  19
  20  21  22  23  24  25  27  28  29  30  31  32  34  35  36  37  38  39
  40  41  42  43  44  45  46  47  49  50  51  52  53  54  56  57  58  59
  60  61  62  63  64  65  66  67  69  70  71  74  75  76  77  79  80  81
  82  83  84  85  86  88  89  90  91  92  93  94  95  96  97  98  99 101
 102 103 104 105 106 107 108 109 110 111 112 113 114 115 116 117 118 119
 120 121 122 123 124 125 126 127 129 130 131 132 133 134 135 137 138 139
 140 141 142 143 144]","[ 0  1  2  3  4  5  7  8  9 10 12 13 14 15 16 17 18 19 20 22 23 24 25 29
 30 31 32 34 36 37 38 39 43 44 45 46 48 49 50 51 55 56 57 67 68 69 70 71
 73 74 75 78]"
60,0.15850000000000003,"[  1   2   3   4   5   6   7   8   9  10  11  12  13  14  15  17  18  19
  20  21  22  23  24  25  26  27  28  29  30  32  34  36  37  38  39  41
  42  43  44  45  46  47  48  49  50  51  52  53  54  56  57  58  59  60
  61  62  63  64  65  66  67  68  69  70  71  74  75  76  77  78  79  80
  81  82  83  84  85  86  88  89  90  91  92  93  94  95  96  97  98  99
 101 102 103 104 105 106 107 108 109 110 111 112 113 114 115 116 117 118
 119 120 121 122 123 124 125 126 127 129 131 132 133 134 135 137 138 139
 140 141 142 143 144]","[ 0  1  2  3  4  5  7  8  9 10 12 13 14 15 16 17 18 19 20 21 22 23 24 25
 29 30 31 32 36 37 38 39 43 44 45 46 48 50 51 55 56 57 67 68 69 70 71 73
 74 75 76 78]"
61,0.15850000000000003,"[  1   2   3   4   5   6   7   8   9  10  11  12  13  14  15  16  17  18
  19  20  21  22  23  24  25  26  27  28  29  30  31  32  34  36  37  38
  39  41  42  43  44  45  46  47  48  49  50  51  52  53  54  56  57  58
  59  60  61  62  63  64  65  66  67  68  69  70  71  73  74  75  76  77
  79  80  81  82  83  84  85  86  88  89  90  91  92  93  94  95  96  97
  98 101 102 103 104 105 106 107 108 109 110 111 112 113 114 115 116 117
 118 119 120 121 122 124 125 126 127 129 131 132 133 134 135 137 138 139
 140 141 142 143 144]","[ 0  1  2  3  4  5  7  8  9 10 12 13 14 15 16 17 18 19 20 21 22 23 24 25
 29 30 31 32 34 36 37 38 39 43 44 45 46 48 50 51 53 55 56 57 67 68 70 71
 73 74 75 78]"
62,0.15850000000000003,"[  1   2   3   4   5   6   7   8   9  10  11  12  13  14  15  17  18  19
  20  21  22  23  24  25  26  27  28  29  30  31  32  34  35  36  37  38
  39  41  42  43  44  45  46  47  48  49  50  51  52  53  54  56  57  58
  59  60  61  62  63  64  65  66  67  68  69  70  74  75  76  77  79  80
  81  82  83  84  85  86  88  89  90  91  92  93  94  95  96  97  98  99
 101 102 103 104 105 106 107 108 109 110 112 113 114 115 116 117 118 119
 120 121 122 123 124 125 126 127 129 130 131 132 133 134 135 137 138 139
 140 141 142 143 144]","[ 0  1  2  3  4  5  7  8  9 10 12 13 14 15 16 17 18 19 20 22 23 24 25 29
 30 31 32 33 34 36 37 38 39 43 44 45 46 48 50 51 55 56 57 67 68 69 70 71
 73 74 75 78]"
63,0.15850000000000003,"[  1   2   3   4   5   6   7   8   9  10  11  12  13  14  15  17  18  19
  20  21  22  23  24  25  26  27  28  29  30  32  34  35  36  37  38  39
  41  42  43  44  45  46  47  48  49  50  51  52  53  54  56  57  58  59
  60  61  62  63  64  65  66  67  68  69  70  74  75  76  77  78  79  80
  81  82  83  84  85  86  88  89  90  91  92  93  94  95  96  97  98  99
 101 102 103 104 105 106 107 108 109 110 112 113 114 115 116 117 118 119
 120 121 122 123 124 125 126 127 129 130 131 132 133 134 135 137 138 139
 140 141 142 143 144]","[ 0  1  2  3  4  5  7  8  9 10 12 13 14 15 16 17 18 19 20 22 23 24 25 29
 30 31 32 33 36 37 38 39 43 44 45 46 48 50 51 55 56 57 67 68 69 70 71 73
 74 75 76 78]"
64,0.30700000000000005,"[  1   2   3   4   5   6   7   8   9  10  11  12  13  14  15  17  18  19
  20  21  22  23  24  25  26  27  28  29  30  31  32  34  36  37  38  39
  41  42  43  44  45  46  47  48  49  50  51  52  53  54  56  57  58  59
  60  61  62  63  64  65  66  67  68  69  70  71  74  75  76  77  79  80
  81  82  83  84  85  86  88  89  90  91  92  93  94  95  96  97  98  99
 101 102 103 104 105 106 107 108 109 110 111 112 113 114 115 116 117 118
 119 120 121 122 123 124 125 126 127 129 131 132 133 134 135 137 138 139
 140 141 142 143 144]","[ 0  1  2  3  4  5  7  8  9 10 12 13 14 15 16 17 18 19 20 21 22 23 24 25
 29 30 31 32 34 36 37 38 39 43 44 45 46 48 50 51 55 56 57 67 68 69 70 71
 73 74 75 78]"
65,0.059500000000000004,"[  1   2   3   4   5   6   7   8   9  10  11  12  13  14  15  17  18  19
  20  21  22  23  24  25  27  28  29  30  32  34  35  36  37  38  39  40
  41  42  43  44  45  46  47  49  50  51  52  53  54  55  56  57  58  59
  60  61  62  63  64  65  66  67  69  70  71  74  75  76  77  79  80  81
  82  83  84  85  86  88  89  90  91  92  93  94  95  96  97  98 101 102
 103 104 105 106 107 108 109 110 111 112 113 114 115 116 117 118 119 120
 121 122 124 125 126 127 129 130 131 132 133 134 135 136 137 138 139 140
 141 142 143 144]","[ 0  1  2  3  4  5  7  8  9 10 12 13 14 15 16 17 18 19 20 22 23 24 25 29
 30 31 32 34 36 37 39 43 44 45 46 48 49 50 51 53 55 56 57 67 68 69 70 71
 73 74 75 76 78]"
66,0.059500000000000004,"[  1   2   3   4   5   6   7   8   9  10  11  12  13  14  15  17  18  19
  20  21  22  23  24  25  26  27  28  29  30  32  34  36  37  38  39  41
  42  43  44  45  46  47  48  49  50  51  52  53  54  56  57  58  59  60
  61  62  63  64  65  66  67  68  69  70  71  74  75  76  77  79  80  81
  82  83  84  85  86  88  89  90  91  92  93  94  95  96  97  98  99 101
 102 103 104 105 106 107 108 109 110 111 112 113 114 115 116 117 118 119
 120 121 122 123 124 125 126 127 129 131 132 133 134 135 137 138 139 140
 141 142 143 144]","[ 0  1  2  3  4  5  7  8  9 10 12 13 14 15 16 17 18 19 20 21 22 23 24 25
 29 30 31 32 34 36 37 38 39 43 44 45 46 48 50 51 55 56 57 67 68 69 70 71
 73 74 75 76 78]"
67,0.109,"[  1   2   3   4   5   6   7   8   9  10  11  12  13  14  15  17  18  19
  20  21  22  23  24  25  27  28  29  30  32  34  35  36  37  38  39  40
  41  42  43  44  45  46  47  49  50  51  52  53  54  56  57  58  59  60
  61  62  63  64  65  66  67  69  70  71  74  75  76  77  79  80  81  82
  83  84  85  86  88  89  90  91  92  93  94  95  96  97  98  99 101 102
 103 104 105 106 107 108 109 110 111 112 113 114 115 116 117 118 119 120
 121 122 123 124 125 126 127 129 130 131 132 133 134 135 137 138 139 140
 141 142 143 144]","[ 0  1  2  3  4  5  7  8  9 10 12 13 14 15 16 17 18 19 20 22 23 24 25 29
 30 31 32 34 36 37 38 39 43 44 45 46 48 49 50 51 55 56 57 67 68 69 70 71
 73 74 75 76 78]"
68,0.15850000000000003,"[  1   2   3   4   5   6   7   8   9  10  11  12  13  14  15  17  18  19
  20  21  22  23  24  25  26  27  28  29  30  32  34  36  37  38  39  41
  42  43  44  45  46  47  48  49  50  51  52  53  54  55  56  57  58  59
  60  61  62  63  64  65  66  67  68  69  70  71  74  75  76  77  79  80
  81  82  83  84  85  86  88  89  90  91  92  93  94  95  96  97  98 101
 102 103 104 105 106 107 108 109 110 111 112 113 114 115 116 117 118 119
 120 121 122 124 125 126 127 129 131 132 133 134 135 136 137 138 139 140
 141 142 143 144]","[ 0  1  2  3  4  5  7  8  9 10 12 13 14 15 16 17 18 19 20 21 22 23 24 25
 29 30 31 32 34 36 37 39 43 44 45 46 48 50 51 53 55 56 57 67 68 69 70 71
 73 74 75 76 78]"
69,0.2575,"[  1   2   3   4   5   6   7   8   9  10  11  12  13  14  15  17  18  19
  20  21  22  23  24  25  26  27  28  29  30  32  34  35  36  37  38  39
  41  42  43  44  45  46  47  48  49  50  51  52  53  54  56  57  58  59
  60  61  62  63  64  65  66  67  68  69  70  74  75  76  77  79  80  81
  82  83  84  85  86  88  89  90  91  92  93  94  95  96  97  98  99 101
 102 103 104 105 106 107 108 109 110 112 113 114 115 116 117 118 119 120
 121 122 123 124 125 126 127 129 130 131 132 133 134 135 137 138 139 140
 141 142 143 144]","[ 0  1  2  3  4  5  7  8  9 10 12 13 14 15 16 17 18 19 20 22 23 24 25 29
 30 31 32 33 34 36 37 38 39 43 44 45 46 48 50 51 55 56 57 67 68 69 70 71
 73 74 75 76 78]"
70,0.2575,"[  1   2   3   4   5   6   7   8   9  10  11  12  13  14  15  16  17  18
  19  20  21  22  23  24  25  26  27  28  29  30  32  34  36  37  38  39
  41  42  43  44  45  46  47  48  49  50  51  52  53  54  56  57  58  59
  60  61  62  63  64  65  66  67  68  69  70  73  74  75  76  77  79  80
  81  82  83  84  85  86  88  89  90  91  92  93  94  95  96  97  98  99
 101 102 103 104 105 106 107 108 109 110 112 113 114 115 116 117 118 119
 120 121 122 123 124 125 126 127 129 131 132 133 134 135 137 138 139 140
 141 142 143 144]","[ 0  1  2  3  4  5  7  8  9 10 12 13 14 15 16 17 18 19 20 21 22 23 24 25
 29 30 31 32 33 34 36 37 38 39 43 44 45 46 48 50 51 55 56 57 67 68 70 71
 73 74 75 76 78]"
71,0.30700000000000005,"[  1   2   3   4   5   6   7   8   9  10  11  12  13  14  15  16  17  18
  19  20  21  22  23  24  25  26  27  28  29  30  32  34  35  36  37  38
  39  41  42  43  44  45  46  47  48  49  50  51  52  53  54  56  57  58
  59  60  61  62  63  64  65  66  67  68  69  70  73  74  75  76  77  79
  80  81  82  83  84  85  86  88  89  90  91  92  93  94  95  96  97  98
 101 102 103 104 105 106 107 108 109 110 112 113 114 115 116 117 118 119
 120 121 122 124 125 126 127 129 130 131 132 133 134 135 137 138 139 140
 141 142 143 144]","[ 0  1  2  3  4  5  7  8  9 10 12 13 14 15 16 17 18 19 20 22 23 24 25 29
 30 31 32 33 34 36 37 38 39 43 44 45 46 48 50 51 53 55 56 57 67 68 70 71
 73 74 75 76 78]"
72,0.30700000000000005,"[  1   2   3   4   5   6   7   8   9  10  11  12  13  14  15  16  17  18
  19  20  21  22  23  24  25  26  27  28  29  30  32  34  36  37  38  39
  41  42  43  44  45  46  47  48  49  50  51  52  53  54  56  57  58  59
  60  61  62  63  64  65  66  67  68  69  70  71  73  74  75  76  77  79
  80  81  82  83  84  85  86  88  89  90  91  92  93  94  95  96  97  98
 101 102 103 104 105 106 107 108 109 110 111 112 113 114 115 116 117 118
 119 120 121 122 124 125 126 127 129 131 132 133 134 135 137 138 139 140
 141 142 143 144]","[ 0  1  2  3  4  5  7  8  9 10 12 13 14 15 16 17 18 19 20 21 22 23 24 25
 29 30 31 32 34 36 37 38 39 43 44 45 46 48 50 51 53 55 56 57 67 68 70 71
 73 74 75 76 78]"
73,0.109,"[  1   2   3   4   5   6   7   8   9  10  11  12  13  14  15  17  18  19
  20  21  22  23  24  25  27  28  29  30  31  32  34  35  36  37  38  39
  40  41  42  43  44  45  46  47  49  50  51  52  53  54  56  57  58  59
  60  61  62  63  64  65  66  67  69  70  71  74  75  76  77  78  79  80
  81  82  83  84  85  86  88  89  90  91  92  93  94  95  96  97  98 101
 102 103 104 105 106 107 108 109 110 111 112 113 114 115 116 117 118 119
 120 121 122 124 125 126 127 129 130 131 132 133 134 135 137 138 139 140
 141 142 143 144]","[ 0  1  2  3  4  5  7  8  9 10 12 13 14 15 16 17 18 19 20 22 23 24 25 29
 30 31 32 36 37 38 39 43 44 45 46 48 49 50 51 53 55 56 57 67 68 69 70 71
 73 74 75 78]"
74,0.109,"[  1   2   3   4   5   6   7   8   9  10  11  12  13  14  15  17  18  19
  20  21  22  23  24  25  27  28  29  30  32  34  36  37  38  39  41  42
  43  44  45  46  47  49  50  51  52  53  54  55  56  57  58  59  60  61
  62  63  64  65  66  67  69  70  71  74  75  76  77  78  79  80  81  82
  83  84  85  86  88  89  90  91  92  93  94  95  96  97  98  99 101 102
 103 104 105 106 107 108 109 110 111 112 113 114 115 116 117 118 119 120
 121 122 123 124 125 126 127 129 131 132 133 134 135 136 137 138 139 140
 141 142 143 144]","[ 0  1  2  3  4  5  7  8  9 10 12 13 14 15 16 17 18 19 20 21 22 23 24 25
 29 30 31 32 36 37 39 43 44 45 46 48 49 50 51 55 56 57 67 68 69 70 71 73
 74 75 76 78]"
75,0.109,"[  1   2   3   4   5   6   7   8   9  10  11  12  13  14  15  17  18  19
  20  21  22  23  24  25  26  27  28  29  30  31  32  34  36  37  38  39
  41  42  43  44  45  46  47  48  49  50  51  52  53  54  56  57  58  59
  60  61  62  63  64  65  66  67  68  69  70  74  75  76  77  78  79  80
  81  82  83  84  85  86  88  89  90  91  92  93  94  95  96  97  98  99
 101 102 103 104 105 106 107 108 109 110 112 113 114 115 116 117 118 119
 120 121 122 123 124 125 126 127 129 131 132 133 134 135 137 138 139 140
 141 142 143 144]","[ 0  1  2  3  4  5  7  8  9 10 12 13 14 15 16 17 18 19 20 21 22 23 24 25
 29 30 31 32 33 36 37 38 39 43 44 45 46 48 50 51 55 56 57 67 68 69 70 71
 73 74 75 78]"
76,0.15850000000000003,"[  1   2   3   4   5   6   7   8   9  10  11  12  13  14  15  17  18  19
  20  21  22  23  24  25  26  27  28  29  30  31  32  34  36  37  38  39
  41  42  43  44  45  46  47  48  49  50  51  52  53  54  56  57  58  59
  60  61  62  63  64  65  66  67  68  69  70  71  74  75  76  77  78  79
  80  81  82  83  84  85  86  88  89  90  91  92  93  94  95  96  97  98
 101 102 103 104 105 106 107 108 109 110 111 112 113 114 115 116 117 118
 119 120 121 122 124 125 126 127 129 131 132 133 134 135 137 138 139 140
 141 142 143 144]","[ 0  1  2  3  4  5  7  8  9 10 12 13 14 15 16 17 18 19 20 21 22 23 24 25
 29 30 31 32 36 37 38 39 43 44 45 46 48 50 51 53 55 56 57 67 68 69 70 71
 73 74 75 78]"
77,0.2575,"[  1   2   3   4   5   6   7   8   9  10  11  12  13  14  15  17  18  19
  20  21  22  23  24  25  26  27  28  29  30  31  32  34  35  36  37  38
  39  41  42  43  44  45  46  47  48  49  50  51  52  53  54  56  57  58
  59  60  61  62  63  64  65  66  67  68  69  70  74  75  76  77  78  79
  80  81  82  83  84  85  86  88  89  90  91  92  93  94  95  96  97  98
 101 102 103 104 105 106 107 108 109 110 112 113 114 115 116 117 118 119
 120 121 122 124 125 126 127 129 130 131 132 133 134 135 137 138 139 140
 141 142 143 144]","[ 0  1  2  3  4  5  7  8  9 10 12 13 14 15 16 17 18 19 20 22 23 24 25 29
 30 31 32 33 36 37 38 39 43 44 45 46 48 50 51 53 55 56 57 67 68 69 70 71
 73 74 75 78]"
78,0.20800000000000002,"[  1   2   3   4   5   6   7   8   9  10  11  12  13  14  15  17  18  19
  20  21  22  23  24  25  26  27  28  29  30  32  34  36  37  38  39  41
  42  43  44  45  46  47  48  49  50  51  52  53  54  56  57  58  59  60
  61  62  63  64  65  66  67  68  69  70  74  75  76  77  78  79  80  81
  82  83  84  85  86  88  89  90  91  92  93  94  95  96  97  98  99 101
 102 103 104 105 106 107 108 109 110 112 113 114 115 116 117 118 119 120
 121 122 123 124 125 126 127 129 131 132 133 134 135 137 138 139 140 141
 142 143 144]","[ 0  1  2  3  4  5  7  8  9 10 12 13 14 15 16 17 18 19 20 21 22 23 24 25
 29 30 31 32 33 36 37 38 39 43 44 45 46 48 50 51 55 56 57 67 68 69 70 71
 73 74 75 76 78]"
79,0.20800000000000002,"[  1   2   3   4   5   6   7   8   9  10  11  12  13  14  15  17  18  19
  20  21  22  23  24  25  26  27  28  29  30  31  32  34  36  37  38  39
  41  42  43  44  45  46  47  48  49  50  51  52  53  54  56  57  58  59
  60  61  62  63  64  65  66  67  68  69  70  71  74  75  76  77  79  80
  81  82  83  84  85  86  88  89  90  91  92  93  94  95  96  97  98 101
 102 103 104 105 106 107 108 109 110 111 112 113 114 115 116 117 118 119
 120 121 122 124 125 126 127 129 131 132 133 134 135 137 138 139 140 141
 142 143 144]","[ 0  1  2  3  4  5  7  8  9 10 12 13 14 15 16 17 18 19 20 21 22 23 24 25
 29 30 31 32 34 36 37 38 39 43 44 45 46 48 50 51 53 55 56 57 67 68 69 70
 71 73 74 75 78]"
80,0.2575,"[  1   2   3   4   5   6   7   8   9  10  11  12  13  14  15  17  18  19
  20  21  22  23  24  25  27  28  29  30  32  34  36  37  38  39  41  42
  43  44  45  46  47  49  50  51  52  53  54  55  56  57  58  59  60  61
  62  63  64  65  66  67  69  70  71  74  75  76  77  79  80  81  82  83
  84  85  86  88  89  90  91  92  93  94  95  96  97  98  99 101 102 103
 104 105 106 107 108 109 110 111 112 113 114 115 116 117 118 119 120 121
 122 123 124 125 126 127 129 131 132 133 134 135 136 137 138 139 140 141
 142 143 144]","[ 0  1  2  3  4  5  7  8  9 10 12 13 14 15 16 17 18 19 20 21 22 23 24 25
 29 30 31 32 34 36 37 39 43 44 45 46 48 49 50 51 55 56 57 67 68 69 70 71
 73 74 75 76 78]"
81,0.30700000000000005,"[  1   2   3   4   5   6   7   8   9  10  11  12  13  14  15  17  18  19
  20  21  22  23  24  25  26  27  28  29  30  32  34  36  37  38  39  41
  42  43  44  45  46  47  48  49  50  51  52  53  54  56  57  58  59  60
  61  62  63  64  65  66  67  68  69  70  71  74  75  76  77  78  79  80
  81  82  83  84  85  86  88  89  90  91  92  93  94  95  96  97  98 101
 102 103 104 105 106 107 108 109 110 111 112 113 114 115 116 117 118 119
 120 121 122 124 125 126 127 129 131 132 133 134 135 137 138 139 140 141
 142 143 144]","[ 0  1  2  3  4  5  7  8  9 10 12 13 14 15 16 17 18 19 20 21 22 23 24 25
 29 30 31 32 36 37 38 39 43 44 45 46 48 50 51 53 55 56 57 67 68 69 70 71
 73 74 75 76 78]"
82,0.30700000000000005,"[  1   2   3   4   5   6   7   8   9  10  11  12  13  14  15  17  18  19
  20  21  22  23  24  25  26  27  28  29  30  32  34  35  36  37  38  39
  41  42  43  44  45  46  47  48  49  50  51  52  53  54  56  57  58  59
  60  61  62  63  64  65  66  67  68  69  70  74  75  76  77  78  79  80
  81  82  83  84  85  86  88  89  90  91  92  93  94  95  96  97  98 101
 102 103 104 105 106 107 108 109 110 112 113 114 115 116 117 118 119 120
 121 122 124 125 126 127 129 130 131 132 133 134 135 137 138 139 140 141
 142 143 144]","[ 0  1  2  3  4  5  7  8  9 10 12 13 14 15 16 17 18 19 20 22 23 24 25 29
 30 31 32 33 36 37 38 39 43 44 45 46 48 50 51 53 55 56 57 67 68 69 70 71
 73 74 75 76 78]"
83,0.059500000000000004,"[  1   2   3   4   5   7   8   9  10  11  12  13  14  15  17  18  19  20
  21  22  23  24  25  26  27  28  29  30  32  34  35  36  37  38  39  40
  42  43  44  45  46  47  48  49  50  52  53  54  55  56  57  58  59  60
  62  63  64  65  66  67  68  69  71  74  75  76  77  79  80  81  82  83
  84  85  86  88  89  90  91  92  93  94  95  96  97  98  99 101 102 103
 104 105 106 107 108 109 110 111 112 113 114 115 116 117 118 119 120 121
 122 123 124 125 126 127 129 130 131 133 134 135 136 137 138 139 140 141
 142 143 144]","[ 0  1  2  3  4  5  7  8  9 10 12 13 14 15 16 17 18 19 20 22 23 24 25 29
 30 31 32 34 36 37 39 43 44 45 46 48 50 51 55 56 57 59 67 68 69 70 71 73
 74 75 76 78]"
84,0.109,"[  1   2   3   4   5   6   7   8   9  10  11  12  13  14  15  17  18  19
  20  21  22  23  24  25  27  28  29  30  31  32  34  36  37  38  39  41
  42  43  44  45  46  47  49  50  51  52  53  54  56  57  58  59  60  61
  62  63  64  65  66  67  69  70  71  74  75  76  77  78  79  80  81  82
  83  84  85  86  88  89  90  91  92  93  94  95  96  97  98  99 101 102
 103 104 105 106 107 108 109 110 111 112 113 114 115 116 117 118 119 120
 121 122 123 124 125 126 127 129 131 132 133 134 135 137 138 139 140 141
 142 143 144]","[ 0  1  2  3  4  5  7  8  9 10 12 13 14 15 16 17 18 19 20 21 22 23 24 25
 29 30 31 32 36 37 38 39 43 44 45 46 48 49 50 51 55 56 57 67 68 69 70 71
 73 74 75 78]"
85,0.109,"[  1   2   3   4   5   6   7   8   9  10  11  12  13  14  15  17  18  19
  20  21  22  23  24  25  27  28  29  30  31  32  34  35  36  37  38  39
  41  42  43  44  45  46  47  49  50  51  52  53  54  56  57  58  59  60
  61  62  63  64  65  66  67  69  70  74  75  76  77  78  79  80  81  82
  83  84  85  86  88  89  90  91  92  93  94  95  96  97  98  99 101 102
 103 104 105 106 107 108 109 110 112 113 114 115 116 117 118 119 120 121
 122 123 124 125 126 127 129 130 131 132 133 134 135 137 138 139 140 141
 142 143 144]","[ 0  1  2  3  4  5  7  8  9 10 12 13 14 15 16 17 18 19 20 22 23 24 25 29
 30 31 32 33 36 37 38 39 43 44 45 46 48 49 50 51 55 56 57 67 68 69 70 71
 73 74 75 78]"
86,0.059500000000000004,"[  1   2   3   4   5   6   7   8   9  10  11  12  13  14  15  17  18  19
  20  21  22  23  24  25  27  28  29  30  32  34  35  36  37  38  39  40
  41  42  43  44  45  46  47  49  50  51  52  53  54  56  57  58  59  60
  61  62  63  64  65  66  67  69  70  71  74  75  76  77  79  80  81  82
  83  84  85  86  88  89  90  91  92  93  94  95  96  97  98 101 102 103
 104 105 106 107 108 109 110 111 112 113 114 115 116 117 118 119 120 121
 122 124 125 126 127 129 130 131 132 133 134 135 137 138 139 140 141 142
 143 144]","[ 0  1  2  3  4  5  7  8  9 10 12 13 14 15 16 17 18 19 20 22 23 24 25 29
 30 31 32 34 36 37 38 39 43 44 45 46 48 49 50 51 53 55 56 57 67 68 69 70
 71 73 74 75 76 78]"
87,0.109,"[  1   2   3   4   5   6   7   8   9  10  11  12  13  14  15  17  18  19
  20  21  22  23  24  25  26  27  28  29  30  32  34  36  37  38  39  41
  42  43  44  45  46  47  48  49  50  51  52  53  54  56  57  58  59  60
  61  62  63  64  65  66  67  68  69  70  71  74  75  76  77  79  80  81
  82  83  84  85  86  88  89  90  91  92  93  94  95  96  97  98 101 102
 103 104 105 106 107 108 109 110 111 112 113 114 115 116 117 118 119 120
 121 122 124 125 126 127 129 131 132 133 134 135 137 138 139 140 141 142
 143 144]","[ 0  1  2  3  4  5  7  8  9 10 12 13 14 15 16 17 18 19 20 21 22 23 24 25
 29 30 31 32 34 36 37 38 39 43 44 45 46 48 50 51 53 55 56 57 67 68 69 70
 71 73 74 75 76 78]"
88,0.15850000000000003,"[  1   2   3   4   5   6   7   8   9  10  11  12  13  14  15  17  18  19
  20  21  22  23  24  25  26  27  28  29  30  32  34  35  36  37  38  39
  41  42  43  44  45  46  47  48  49  50  51  52  53  54  56  57  58  59
  60  61  62  63  64  65  66  67  68  69  70  74  75  76  77  79  80  81
  82  83  84  85  86  88  89  90  91  92  93  94  95  96  97  98 101 102
 103 104 105 106 107 108 109 110 112 113 114 115 116 117 118 119 120 121
 122 124 125 126 127 129 130 131 132 133 134 135 137 138 139 140 141 142
 143 144]","[ 0  1  2  3  4  5  7  8  9 10 12 13 14 15 16 17 18 19 20 22 23 24 25 29
 30 31 32 33 34 36 37 38 39 43 44 45 46 48 50 51 53 55 56 57 67 68 69 70
 71 73 74 75 76 78]"
89,0.20800000000000002,"[  1   2   3   4   5   6   7   8   9  10  11  12  13  14  15  17  18  19
  20  21  22  23  24  25  26  27  28  29  30  32  34  36  37  38  39  41
  42  43  44  45  46  47  48  49  50  51  52  53  54  56  57  58  59  60
  61  62  63  64  65  66  67  68  69  70  74  75  76  77  79  80  81  82
  83  84  85  86  88  89  90  91  92  93  94  95  96  97  98  99 101 102
 103 104 105 106 107 108 109 110 112 113 114 115 116 117 118 119 120 121
 122 123 124 125 126 127 129 131 132 133 134 135 137 138 139 140 141 142
 143 144]","[ 0  1  2  3  4  5  7  8  9 10 12 13 14 15 16 17 18 19 20 21 22 23 24 25
 29 30 31 32 33 34 36 37 38 39 43 44 45 46 48 50 51 55 56 57 67 68 69 70
 71 73 74 75 76 78]"
90,0.2575,"[  1   2   3   4   5   6   7   8   9  10  11  12  13  14  15  16  17  18
  19  20  21  22  23  24  25  26  27  28  29  30  32  34  36  37  38  39
  41  42  43  44  45  46  47  48  49  50  51  52  53  54  56  57  58  59
  60  61  62  63  64  65  66  67  68  69  70  73  74  75  76  77  79  80
  81  82  83  84  85  86  88  89  90  91  92  93  94  95  96  97  98 101
 102 103 104 105 106 107 108 109 110 112 113 114 115 116 117 118 119 120
 121 122 124 125 126 127 129 131 132 133 134 135 137 138 139 140 141 142
 143 144]","[ 0  1  2  3  4  5  7  8  9 10 12 13 14 15 16 17 18 19 20 21 22 23 24 25
 29 30 31 32 33 34 36 37 38 39 43 44 45 46 48 50 51 53 55 56 57 67 68 70
 71 73 74 75 76 78]"
91,0.109,"[  1   2   3   4   5   6   7   8   9  10  11  12  13  14  15  17  18  19
  20  21  22  23  24  25  27  28  29  30  31  32  34  36  37  38  39  41
  42  43  44  45  46  47  49  50  51  52  53  54  56  57  58  59  60  61
  62  63  64  65  66  67  69  70  71  74  75  76  77  79  80  81  82  83
  84  85  86  88  89  90  91  92  93  94  95  96  97  98  99 101 102 103
 104 105 106 107 108 109 110 111 112 113 114 115 116 117 118 119 120 121
 122 123 124 125 126 127 129 131 132 133 134 135 137 138 139 140 141 142
 143 144]","[ 0  1  2  3  4  5  7  8  9 10 12 13 14 15 16 17 18 19 20 21 22 23 24 25
 29 30 31 32 34 36 37 38 39 43 44 45 46 48 49 50 51 55 56 57 67 68 69 70
 71 73 74 75 78]"
92,0.109,"[  1   2   3   4   5   6   7   8   9  10  11  12  13  14  15  17  18  19
  20  21  22  23  24  25  27  28  29  30  32  34  36  37  38  39  41  42
  43  44  45  46  47  49  50  51  52  53  54  56  57  58  59  60  61  62
  63  64  65  66  67  69  70  71  74  75  76  77  78  79  80  81  82  83
  84  85  86  88  89  90  91  92  93  94  95  96  97  98  99 101 102 103
 104 105 106 107 108 109 110 111 112 113 114 115 116 117 118 119 120 121
 122 123 124 125 126 127 129 131 132 133 134 135 137 138 139 140 141 142
 143 144]","[ 0  1  2  3  4  5  7  8  9 10 12 13 14 15 16 17 18 19 20 21 22 23 24 25
 29 30 31 32 36 37 38 39 43 44 45 46 48 49 50 51 55 56 57 67 68 69 70 71
 73 74 75 76 78]"
93,0.15850000000000003,"[  1   2   3   4   5   6   7   8   9  10  11  12  13  14  15  17  18  19
  20  21  22  23  24  25  27  28  29  30  31  32  34  35  36  37  38  39
  41  42  43  44  45  46  47  49  50  51  52  53  54  56  57  58  59  60
  61  62  63  64  65  66  67  69  70  74  75  76  77  79  80  81  82  83
  84  85  86  88  89  90  91  92  93  94  95  96  97  98  99 101 102 103
 104 105 106 107 108 109 110 112 113 114 115 116 117 118 119 120 121 122
 123 124 125 126 127 129 130 131 132 133 134 135 137 138 139 140 141 142
 143 144]","[ 0  1  2  3  4  5  7  8  9 10 12 13 14 15 16 17 18 19 20 22 23 24 25 29
 30 31 32 33 34 36 37 38 39 43 44 45 46 48 49 50 51 55 56 57 67 68 69 70
 71 73 74 75 78]"
94,0.15850000000000003,"[  1   2   3   4   5   6   7   8   9  10  11  12  13  14  15  17  18  19
  20  21  22  23  24  25  26  27  28  29  30  31  32  34  36  37  38  39
  41  42  43  44  45  46  47  48  49  50  51  52  53  54  56  57  58  59
  60  61  62  63  64  65  66  67  68  69  70  74  75  76  77  78  79  80
  81  82  83  84  85  86  88  89  90  91  92  93  94  95  96  97  98 101
 102 103 104 105 106 107 108 109 110 112 113 114 115 116 117 118 119 120
 121 122 124 125 126 127 129 131 132 133 134 135 137 138 139 140 141 142
 143 144]","[ 0  1  2  3  4  5  7  8  9 10 12 13 14 15 16 17 18 19 20 21 22 23 24 25
 29 30 31 32 33 36 37 38 39 43 44 45 46 48 50 51 53 55 56 57 67 68 69 70
 71 73 74 75 78]"
95,0.20800000000000002,"[  1   2   3   4   5   6   7   8   9  10  11  12  13  14  15  18  19  20
  21  22  23  24  25  26  27  28  29  30  32  34  36  37  38  39  40  41
  42  43  44  45  46  47  48  49  50  51  52  53  54  56  57  58  59  60
  61  62  63  65  66  68  69  70  71  74  75  76  77  79  80  81  82  83
  84  85  86  88  89  90  91  92  93  94  95  96  97  98  99 101 102 103
 104 105 106 107 108 109 110 111 112 113 114 115 116 117 119 120 121 122
 123 124 125 126 127 129 130 131 132 133 134 135 137 138 139 140 141 142
 143 144]","[ 0  1  2  3  4  5  7  8  9 10 12 13 14 15 16 17 18 19 20 22 23 24 25 29
 30 31 32 34 36 37 38 39 43 44 45 46 48 50 51 55 56 57 67 68 69 70 71 72
 73 74 75 76 78]"
96,0.2575,"[  1   2   3   4   5   6   7   8   9  10  11  12  13  14  15  16  18  19
  20  21  22  23  24  25  26  27  28  29  30  32  34  36  37  38  39  41
  42  43  44  45  46  47  48  49  50  51  52  53  54  56  57  58  59  60
  61  62  63  65  66  68  69  70  71  73  74  75  76  77  79  80  81  82
  83  84  85  86  88  89  90  91  92  93  94  95  96  97  98  99 101 102
 103 104 105 106 107 108 109 110 111 112 113 114 115 116 117 119 120 121
 122 123 124 125 126 127 129 131 132 133 134 135 137 138 139 140 141 142
 143 144]","[ 0  1  2  3  4  5  7  8  9 10 12 13 14 15 16 17 18 19 20 21 22 23 24 25
 29 30 31 32 34 36 37 38 39 43 44 45 46 48 50 51 55 56 57 67 68 70 71 72
 73 74 75 76 78]"
97,0.059500000000000004,"[  1   2   3   4   5   7   8   9  10  11  12  13  14  15  17  18  19  20
  21  22  23  24  25  26  27  28  29  30  31  32  34  35  36  37  38  39
  40  42  43  44  45  46  47  48  49  50  52  53  54  56  57  58  59  60
  62  63  64  65  66  67  68  69  71  74  75  76  77  79  80  81  82  83
  84  85  86  88  89  90  91  92  93  94  95  96  97  98  99 101 102 103
 104 105 106 107 108 109 110 111 112 113 114 115 116 117 118 119 120 121
 122 123 124 125 126 127 129 130 131 133 134 135 137 138 139 140 141 142
 143 144]","[ 0  1  2  3  4  5  7  8  9 10 12 13 14 15 16 17 18 19 20 22 23 24 25 29
 30 31 32 34 36 37 38 39 43 44 45 46 48 50 51 55 56 57 59 67 68 69 70 71
 73 74 75 78]"
98,0.15850000000000003,"[  1   2   3   4   5   6   7   8   9  10  11  12  13  14  15  18  19  20
  21  22  23  24  25  26  27  28  29  30  31  32  34  36  37  38  39  41
  42  43  44  45  46  47  48  49  50  51  52  53  54  56  57  58  59  60
  61  62  63  65  66  68  69  70  71  74  75  76  77  78  79  80  81  82
  83  84  85  86  88  89  90  91  92  93  94  95  96  97  98  99 101 102
 103 104 105 106 107 108 109 110 111 112 113 114 115 116 117 119 120 121
 122 123 124 125 126 127 129 131 132 133 134 135 137 138 139 140 141 142
 143 144]","[ 0  1  2  3  4  5  7  8  9 10 12 13 14 15 16 17 18 19 20 21 22 23 24 25
 29 30 31 32 36 37 38 39 43 44 45 46 48 50 51 55 56 57 67 68 69 70 71 72
 73 74 75 78]"
99,0.059500000000000004,"[  1   2   3   4   5   6   7   8   9  10  11  12  13  14  15  17  18  19
  20  21  22  23  24  25  27  28  29  30  32  34  36  37  38  39  41  42
  43  44  45  46  47  49  50  51  52  53  54  55  56  57  58  59  60  61
  62  63  64  65  66  67  69  70  71  74  75  76  77  79  80  81  82  83
  84  85  86  88  89  90  91  92  93  94  95  96  97  98 101 102 103 104
 105 106 107 108 109 110 111 112 113 114 115 116 117 118 119 120 121 122
 124 125 126 127 129 131 132 133 134 135 136 137 138 139 140 141 142 143
 144]","[ 0  1  2  3  4  5  7  8  9 10 12 13 14 15 16 17 18 19 20 21 22 23 24 25
 29 30 31 32 34 36 37 39 43 44 45 46 48 49 50 51 53 55 56 57 67 68 69 70
 71 73 74 75 76 78]"
100,0.059500000000000004,"[  1   2   3   4   5   6   7   8   9  10  11  12  13  14  15  17  18  19
  20  21  22  23  24  25  27  28  29  30  32  34  36  37  38  39  41  42
  43  44  45  46  47  49  50  51  52  53  54  56  57  58  59  60  61  62
  63  64  65  66  67  69  70  71  74  75  76  77  79  80  81  82  83  84
  85  86  88  89  90  91  92  93  94  95  96  97  98  99 101 102 103 104
 105 106 107 108 109 110 111 112 113 114 115 116 117 118 119 120 121 122
 123 124 125 126 127 129 131 132 133 134 135 137 138 139 140 141 142 143
 144]","[ 0  1  2  3  4  5  7  8  9 10 12 13 14 15 16 17 18 19 20 21 22 23 24 25
 29 30 31 32 34 36 37 38 39 43 44 45 46 48 49 50 51 55 56 57 67 68 69 70
 71 73 74 75 76 78]"
101,0.15850000000000003,"[  1   2   3   4   5   6   7   8   9  10  11  12  13  14  15  17  18  19
  20  21  22  23  24  25  26  27  28  29  30  32  34  36  37  38  39  41
  42  43  44  45  46  47  48  49  50  51  52  53  54  56  57  58  59  60
  61  62  63  64  65  66  67  68  69  70  74  75  76  77  78  79  80  81
  82  83  84  85  86  88  89  90  91  92  93  94  95  96  97  98 101 102
 103 104 105 106 107 108 109 110 112 113 114 115 116 117 118 119 120 121
 122 124 125 126 127 129 131 132 133 134 135 137 138 139 140 141 142 143
 144]","[ 0  1  2  3  4  5  7  8  9 10 12 13 14 15 16 17 18 19 20 21 22 23 24 25
 29 30 31 32 33 36 37 38 39 43 44 45 46 48 50 51 53 55 56 57 67 68 69 70
 71 73 74 75 76 78]"
102,0.15850000000000003,"[  1   2   3   4   5   6   7   8   9  10  11  12  13  14  15  17  18  19
  20  21  22  23  24  25  26  27  28  29  30  31  32  34  36  37  38  39
  41  42  43  44  45  46  47  48  49  50  51  52  53  54  56  57  58  59
  60  61  62  63  64  65  66  67  68  69  70  74  75  76  77  79  80  81
  82  83  84  85  86  88  89  90  91  92  93  94  95  96  97  98 101 102
 103 104 105 106 107 108 109 110 112 113 114 115 116 117 118 119 120 121
 122 124 125 126 127 129 131 132 133 134 135 137 138 139 140 141 142 143
 144]","[ 0  1  2  3  4  5  7  8  9 10 12 13 14 15 16 17 18 19 20 21 22 23 24 25
 29 30 31 32 33 34 36 37 38 39 43 44 45 46 48 50 51 53 55 56 57 67 68 69
 70 71 73 74 75 78]"
103,0.20800000000000002,"[  1   2   3   4   5   6   7   8   9  10  11  12  13  14  15  17  18  19
  20  21  22  23  24  25  27  28  29  30  32  34  35  36  37  38  39  41
  42  43  44  45  46  47  49  50  51  52  53  54  56  57  58  59  60  61
  62  63  64  65  66  67  69  70  74  75  76  77  79  80  81  82  83  84
  85  86  88  89  90  91  92  93  94  95  96  97  98  99 101 102 103 104
 105 106 107 108 109 110 112 113 114 115 116 117 118 119 120 121 122 123
 124 125 126 127 129 130 131 132 133 134 135 137 138 139 140 141 142 143
 144]","[ 0  1  2  3  4  5  7  8  9 10 12 13 14 15 16 17 18 19 20 22 23 24 25 29
 30 31 32 33 34 36 37 38 39 43 44 45 46 48 49 50 51 55 56 57 67 68 69 70
 71 73 74 75 76 78]"
104,0.059500000000000004,"[  1   2   3   4   5   6   7   8   9  10  11  12  13  14  15  18  19  20
  21  22  23  24  25  26  27  28  29  30  32  34  36  37  38  39  40  41
  42  43  44  45  46  47  48  49  50  51  52  53  54  55  56  57  58  59
  60  61  62  63  65  66  68  69  70  71  74  75  76  77  79  80  81  82
  83  84  85  86  88  89  90  91  92  93  94  95  96  97  98 101 102 103
 104 105 106 107 108 109 110 111 112 113 114 115 116 117 119 120 121 122
 124 125 126 127 129 130 131 132 133 134 135 137 138 139 140 141 142 143
 144]","[ 0  1  2  3  4  5  7  8  9 10 12 13 14 15 16 17 18 19 20 22 23 24 25 29
 30 31 32 34 36 37 39 43 44 45 46 48 50 51 53 55 56 57 67 68 69 70 71 72
 73 74 75 76 78]"
105,0.109,"[  1   2   3   4   5   6   7   8   9  10  11  12  13  14  15  17  18  19
  20  21  22  23  24  25  27  28  29  30  31  32  34  36  37  38  39  41
  42  43  44  45  46  47  49  50  51  52  53  54  56  57  58  59  60  61
  62  63  64  65  66  67  69  70  74  75  76  77  78  79  80  81  82  83
  84  85  86  88  89  90  91  92  93  94  95  96  97  98  99 101 102 103
 104 105 106 107 108 109 110 112 113 114 115 116 117 118 119 120 121 122
 123 124 125 126 127 129 131 132 133 134 135 137 138 139 140 141 142 143
 144]","[ 0  1  2  3  4  5  7  8  9 10 12 13 14 15 16 17 18 19 20 21 22 23 24 25
 29 30 31 32 33 36 37 38 39 43 44 45 46 48 49 50 51 55 56 57 67 68 69 70
 71 73 74 75 78]"
106,0.109,"[  1   2   3   4   5   6   7   8   9  10  11  12  13  14  15  17  18  19
  20  21  22  23  24  25  27  28  29  30  31  32  34  36  37  38  39  41
  42  43  44  45  46  47  49  50  51  52  53  54  56  57  58  59  60  61
  62  63  64  65  66  67  69  70  71  74  75  76  77  78  79  80  81  82
  83  84  85  86  88  89  90  91  92  93  94  95  96  97  98 101 102 103
 104 105 106 107 108 109 110 111 112 113 114 115 116 117 118 119 120 121
 122 124 125 126 127 129 131 132 133 134 135 137 138 139 140 141 142 143
 144]","[ 0  1  2  3  4  5  7  8  9 10 12 13 14 15 16 17 18 19 20 21 22 23 24 25
 29 30 31 32 36 37 38 39 43 44 45 46 48 49 50 51 53 55 56 57 67 68 69 70
 71 73 74 75 78]"
107,0.109,"[  1   2   3   4   5   7   8   9  10  11  12  13  14  15  17  18  19  20
  21  22  23  24  25  26  27  28  29  30  32  34  35  36  37  38  39  40
  42  43  44  45  46  47  48  49  50  52  53  54  55  56  57  58  59  60
  62  63  64  65  66  67  68  69  71  74  75  76  77  79  80  81  82  83
  84  85  86  88  89  90  91  92  93  94  95  96  97  98 101 102 103 104
 105 106 107 108 109 110 111 112 113 114 115 116 117 118 119 120 121 122
 124 125 126 127 129 130 131 133 134 135 136 137 138 139 140 141 142 143
 144]","[ 0  1  2  3  4  5  7  8  9 10 12 13 14 15 16 17 18 19 20 22 23 24 25 29
 30 31 32 34 36 37 39 43 44 45 46 48 50 51 53 55 56 57 59 67 68 69 70 71
 73 74 75 76 78]"
108,0.15850000000000003,"[  1   2   3   4   5   6   7   8   9  10  11  12  13  14  15  18  19  20
  21  22  23  24  25  26  27  28  29  30  32  34  36  37  38  39  41  42
  43  44  45  46  47  48  49  50  51  52  53  54  56  57  58  59  60  61
  62  63  65  66  68  69  70  71  74  75  76  77  78  79  80  81  82  83
  84  85  86  88  89  90  91  92  93  94  95  96  97  98  99 101 102 103
 104 105 106 107 108 109 110 111 112 113 114 115 116 117 119 120 121 122
 123 124 125 126 127 129 131 132 133 134 135 137 138 139 140 141 142 143
 144]","[ 0  1  2  3  4  5  7  8  9 10 12 13 14 15 16 17 18 19 20 21 22 23 24 25
 29 30 31 32 36 37 38 39 43 44 45 46 48 50 51 55 56 57 67 68 69 70 71 72
 73 74 75 76 78]"
109,0.15850000000000003,"[  1   2   3   4   5   6   7   8   9  10  11  12  13  14  15  18  19  20
  21  22  23  24  25  26  27  28  29  30  31  32  34  36  37  38  39  41
  42  43  44  45  46  47  48  49  50  51  52  53  54  56  57  58  59  60
  61  62  63  65  66  68  69  70  71  74  75  76  77  79  80  81  82  83
  84  85  86  88  89  90  91  92  93  94  95  96  97  98  99 101 102 103
 104 105 106 107 108 109 110 111 112 113 114 115 116 117 119 120 121 122
 123 124 125 126 127 129 131 132 133 134 135 137 138 139 140 141 142 143
 144]","[ 0  1  2  3  4  5  7  8  9 10 12 13 14 15 16 17 18 19 20 21 22 23 24 25
 29 30 31 32 34 36 37 38 39 43 44 45 46 48 50 51 55 56 57 67 68 69 70 71
 72 73 74 75 78]"
110,0.15850000000000003,"[  1   2   3   4   5   6   7   8   9  10  11  12  13  14  15  16  18  19
  20  21  22  23  24  25  26  27  28  29  30  31  32  34  36  37  38  39
  41  42  43  44  45  46  47  48  49  50  51  52  53  54  56  57  58  59
  60  61  62  63  65  66  68  69  70  71  73  74  75  76  77  79  80  81
  82  83  84  85  86  88  89  90  91  92  93  94  95  96  97  98 101 102
 103 104 105 106 107 108 109 110 111 112 113 114 115 116 117 119 120 121
 122 124 125 126 127 129 131 132 133 134 135 137 138 139 140 141 142 143
 144]","[ 0  1  2  3  4  5  7  8  9 10 12 13 14 15 16 17 18 19 20 21 22 23 24 25
 29 30 31 32 34 36 37 38 39 43 44 45 46 48 50 51 53 55 56 57 67 68 70 71
 72 73 74 75 78]"
111,0.15850000000000003,"[  1   2   3   4   5   7   8   9  10  11  12  13  14  15  17  18  19  20
  21  22  23  24  25  26  27  28  29  30  31  32  34  35  36  37  38  39
  40  42  43  44  45  46  47  48  49  50  52  53  54  56  57  58  59  60
  62  63  64  65  66  67  68  69  71  74  75  76  77  78  79  80  81  82
  83  84  85  86  88  89  90  91  92  93  94  95  96  97  98 101 102 103
 104 105 106 107 108 109 110 111 112 113 114 115 116 117 118 119 120 121
 122 124 125 126 127 129 130 131 133 134 135 137 138 139 140 141 142 143
 144]","[ 0  1  2  3  4  5  7  8  9 10 12 13 14 15 16 17 18 19 20 22 23 24 25 29
 30 31 32 36 37 38 39 43 44 45 46 48 50 51 53 55 56 57 59 67 68 69 70 71
 73 74 75 78]"
112,0.15850000000000003,"[  1   2   3   4   5   6   7   8   9  10  11  12  13  14  15  18  19  20
  21  22  23  24  25  27  28  29  30  31  32  34  36  37  38  39  40  41
  42  43  44  45  46  47  49  50  51  52  53  54  56  57  58  59  60  61
  62  63  65  66  69  70  71  74  75  76  77  78  79  80  81  82  83  84
  85  86  88  89  90  91  92  93  94  95  96  97  98  99 101 102 103 104
 105 106 107 108 109 110 111 112 113 114 115 116 117 119 120 121 122 123
 124 125 126 127 129 130 131 132 133 134 135 137 138 139 140 141 142 143
 144]","[ 0  1  2  3  4  5  7  8  9 10 12 13 14 15 16 17 18 19 20 22 23 24 25 29
 30 31 32 36 37 38 39 43 44 45 46 48 49 50 51 55 56 57 67 68 69 70 71 72
 73 74 75 78]"
113,0.109,"[  1   2   3   4   5   6   7   8   9  10  11  12  13  14  15  17  18  19
  20  21  22  23  24  25  26  27  28  29  30  32  34  36  37  38  39  41
  42  43  44  45  46  47  48  49  50  51  52  53  54  56  57  58  59  60
  61  62  63  64  65  66  67  68  69  70  74  75  76  77  79  80  81  82
  83  84  85  86  88  89  90  91  92  93  94  95  96  97  98 101 102 103
 104 105 106 107 108 109 110 112 113 114 115 116 117 118 119 120 121 122
 124 125 126 127 129 131 132 133 134 135 137 138 139 140 141 142 143 144]","[ 0  1  2  3  4  5  7  8  9 10 12 13 14 15 16 17 18 19 20 21 22 23 24 25
 29 30 31 32 33 34 36 37 38 39 43 44 45 46 48 50 51 53 55 56 57 67 68 69
 70 71 73 74 75 76 78]"
114,0.059500000000000004,"[  1   2   3   4   5   6   7   8   9  10  11  12  13  14  15  17  18  19
  20  21  22  23  24  25  27  28  29  30  31  32  34  36  37  38  39  41
  42  43  44  45  46  47  49  50  51  52  53  54  56  57  58  59  60  61
  62  63  64  65  66  67  69  70  71  74  75  76  77  79  80  81  82  83
  84  85  86  88  89  90  91  92  93  94  95  96  97  98 101 102 103 104
 105 106 107 108 109 110 111 112 113 114 115 116 117 118 119 120 121 122
 124 125 126 127 129 131 132 133 134 135 137 138 139 140 141 142 143 144]","[ 0  1  2  3  4  5  7  8  9 10 12 13 14 15 16 17 18 19 20 21 22 23 24 25
 29 30 31 32 34 36 37 38 39 43 44 45 46 48 49 50 51 53 55 56 57 67 68 69
 70 71 73 74 75 78]"
115,0.109,"[  1   2   3   4   5   6   7   8   9  10  11  12  13  14  15  17  18  19
  20  21  22  23  24  25  27  28  29  30  32  34  36  37  38  39  41  42
  43  44  45  46  47  49  50  51  52  53  54  56  57  58  59  60  61  62
  63  64  65  66  67  69  70  71  74  75  76  77  78  79  80  81  82  83
  84  85  86  88  89  90  91  92  93  94  95  96  97  98 101 102 103 104
 105 106 107 108 109 110 111 112 113 114 115 116 117 118 119 120 121 122
 124 125 126 127 129 131 132 133 134 135 137 138 139 140 141 142 143 144]","[ 0  1  2  3  4  5  7  8  9 10 12 13 14 15 16 17 18 19 20 21 22 23 24 25
 29 30 31 32 36 37 38 39 43 44 45 46 48 49 50 51 53 55 56 57 67 68 69 70
 71 73 74 75 76 78]"
116,0.109,"[  1   2   3   4   5   6   7   8   9  10  11  12  13  14  15  16  18  19
  20  21  22  23  24  25  26  27  28  29  30  32  34  36  37  38  39  41
  42  43  44  45  46  47  48  49  50  51  52  53  54  56  57  58  59  60
  61  62  63  65  66  68  69  70  71  73  74  75  76  77  79  80  81  82
  83  84  85  86  88  89  90  91  92  93  94  95  96  97  98 101 102 103
 104 105 106 107 108 109 110 111 112 113 114 115 116 117 119 120 121 122
 124 125 126 127 129 131 132 133 134 135 137 138 139 140 141 142 143 144]","[ 0  1  2  3  4  5  7  8  9 10 12 13 14 15 16 17 18 19 20 21 22 23 24 25
 29 30 31 32 34 36 37 38 39 43 44 45 46 48 50 51 53 55 56 57 67 68 70 71
 72 73 74 75 76 78]"
117,0.109,"[  1   2   3   4   5   6   7   8   9  10  11  12  13  14  15  17  18  19
  20  21  22  23  24  25  27  28  29  30  32  34  36  37  38  39  41  42
  43  44  45  46  47  49  50  51  52  53  54  56  57  58  59  60  61  62
  63  64  65  66  67  69  70  74  75  76  77  78  79  80  81  82  83  84
  85  86  88  89  90  91  92  93  94  95  96  97  98  99 101 102 103 104
 105 106 107 108 109 110 112 113 114 115 116 117 118 119 120 121 122 123
 124 125 126 127 129 131 132 133 134 135 137 138 139 140 141 142 143 144]","[ 0  1  2  3  4  5  7  8  9 10 12 13 14 15 16 17 18 19 20 21 22 23 24 25
 29 30 31 32 33 36 37 38 39 43 44 45 46 48 49 50 51 55 56 57 67 68 69 70
 71 73 74 75 76 78]"
118,0.15850000000000003,"[  1   2   3   4   5   6   7   8   9  10  11  12  13  14  15  18  19  20
  21  22  23  24  25  26  27  28  29  30  32  34  36  37  38  39  41  42
  43  44  45  46  47  48  49  50  51  52  53  54  56  57  58  59  60  61
  62  63  65  66  68  69  70  71  74  75  76  77  79  80  81  82  83  84
  85  86  88  89  90  91  92  93  94  95  96  97  98  99 101 102 103 104
 105 106 107 108 109 110 111 112 113 114 115 116 117 119 120 121 122 123
 124 125 126 127 129 131 132 133 134 135 137 138 139 140 141 142 143 144]","[ 0  1  2  3  4  5  7  8  9 10 12 13 14 15 16 17 18 19 20 21 22 23 24 25
 29 30 31 32 34 36 37 38 39 43 44 45 46 48 50 51 55 56 57 67 68 69 70 71
 72 73 74 75 76 78]"
119,0.30700000000000005,"[  1   2   3   4   5   6   7   8   9  10  11  12  13  14  15  16  18  19
  20  21  22  23  24  25  26  27  28  29  30  32  34  36  37  38  39  41
  42  43  44  45  46  47  48  49  50  51  52  53  54  56  57  58  59  60
  61  62  63  65  66  68  69  70  73  74  75  76  77  79  80  81  82  83
  84  85  86  88  89  90  91  92  93  94  95  96  97  98  99 101 102 103
 104 105 106 107 108 109 110 112 113 114 115 116 117 119 120 121 122 123
 124 125 126 127 129 131 132 133 134 135 137 138 139 140 141 142 143 144]","[ 0  1  2  3  4  5  7  8  9 10 12 13 14 15 16 17 18 19 20 21 22 23 24 25
 29 30 31 32 33 34 36 37 38 39 43 44 45 46 48 50 51 55 56 57 67 68 70 71
 72 73 74 75 76 78]"
120,0.059500000000000004,"[  1   2   3   4   5   7   8   9  10  11  12  13  14  15  16  17  18  19
  20  21  22  23  24  25  26  27  28  29  30  32  34  35  36  37  38  39
  42  43  44  45  46  47  48  49  50  52  53  54  56  57  58  59  60  62
  63  64  65  66  67  68  69  73  74  75  76  77  79  80  81  82  83  84
  85  86  88  89  90  91  92  93  94  95  96  97  98  99 101 102 103 104
 105 106 107 108 109 110 112 113 114 115 116 117 118 119 120 121 122 123
 124 125 126 127 129 130 131 133 134 135 137 138 139 140 141 142 143 144]","[ 0  1  2  3  4  5  7  8  9 10 12 13 14 15 16 17 18 19 20 22 23 24 25 29
 30 31 32 33 34 36 37 38 39 43 44 45 46 48 50 51 55 56 57 59 67 68 70 71
 73 74 75 76 78]"
121,0.15850000000000003,"[  1   2   3   4   5   6   7   8   9  10  11  12  13  14  15  16  18  19
  20  21  22  23  24  25  26  27  28  29  30  31  32  34  36  37  38  39
  41  42  43  44  45  46  47  48  49  50  51  52  53  54  56  57  58  59
  60  61  62  63  65  66  68  69  70  73  74  75  76  77  78  79  80  81
  82  83  84  85  86  88  89  90  91  92  93  94  95  96  97  98 101 102
 103 104 105 106 107 108 109 110 112 113 114 115 116 117 119 120 121 122
 124 125 126 127 129 131 132 133 134 135 137 138 139 140 141 142 143 144]","[ 0  1  2  3  4  5  7  8  9 10 12 13 14 15 16 17 18 19 20 21 22 23 24 25
 29 30 31 32 33 36 37 38 39 43 44 45 46 48 50 51 53 55 56 57 67 68 70 71
 72 73 74 75 78]"
122,0.15850000000000003,"[  1   2   3   4   5   6   7   8   9  10  11  12  13  14  15  18  19  20
  21  22  23  24  25  27  28  29  30  32  34  36  37  38  39  40  41  42
  43  44  45  46  47  49  50  51  52  53  54  56  57  58  59  60  61  62
  63  65  66  69  70  71  74  75  76  77  78  79  80  81  82  83  84  85
  86  88  89  90  91  92  93  94  95  96  97  98  99 101 102 103 104 105
 106 107 108 109 110 111 112 113 114 115 116 117 119 120 121 122 123 124
 125 126 127 129 130 131 132 133 134 135 137 138 139 140 141 142 143 144]","[ 0  1  2  3  4  5  7  8  9 10 12 13 14 15 16 17 18 19 20 22 23 24 25 29
 30 31 32 36 37 38 39 43 44 45 46 48 49 50 51 55 56 57 67 68 69 70 71 72
 73 74 75 76 78]"
123,0.15850000000000003,"[  1   2   3   4   5   6   7   8   9  10  11  12  13  14  15  18  19  20
  21  22  23  24  25  26  27  28  29  30  31  32  34  36  37  38  39  41
  42  43  44  45  46  47  48  49  50  51  52  53  54  56  57  58  59  60
  61  62  63  65  66  68  69  70  74  75  76  77  78  79  80  81  82  83
  84  85  86  88  89  90  91  92  93  94  95  96  97  98  99 101 102 103
 104 105 106 107 108 109 110 112 113 114 115 116 117 119 120 121 122 123
 124 125 126 127 129 131 132 133 134 135 137 138 139 140 141 142 143 144]","[ 0  1  2  3  4  5  7  8  9 10 12 13 14 15 16 17 18 19 20 21 22 23 24 25
 29 30 31 32 33 36 37 38 39 43 44 45 46 48 50 51 55 56 57 67 68 69 70 71
 72 73 74 75 78]"
124,0.15850000000000003,"[  1   2   3   4   5   6   7   8   9  10  11  12  13  14  15  18  19  20
  21  22  23  24  25  26  27  28  29  30  31  32  34  36  37  38  39  41
  42  43  44  45  46  47  48  49  50  51  52  53  54  56  57  58  59  60
  61  62  63  65  66  68  69  70  71  74  75  76  77  78  79  80  81  82
  83  84  85  86  88  89  90  91  92  93  94  95  96  97  98 101 102 103
 104 105 106 107 108 109 110 111 112 113 114 115 116 117 119 120 121 122
 124 125 126 127 129 131 132 133 134 135 137 138 139 140 141 142 143 144]","[ 0  1  2  3  4  5  7  8  9 10 12 13 14 15 16 17 18 19 20 21 22 23 24 25
 29 30 31 32 36 37 38 39 43 44 45 46 48 50 51 53 55 56 57 67 68 69 70 71
 72 73 74 75 78]"
125,0.109,"[  1   2   3   4   5   6   7   8   9  10  11  12  13  14  15  17  18  19
  20  21  22  23  24  25  27  28  29  30  32  34  36  37  38  39  41  42
  43  44  45  46  47  49  50  51  52  53  54  56  57  58  59  60  61  62
  63  64  65  66  67  69  70  74  75  76  77  79  80  81  82  83  84  85
  86  88  89  90  91  92  93  94  95  96  97  98  99 101 102 103 104 105
 106 107 108 109 110 112 113 114 115 116 117 118 119 120 121 122 123 124
 125 126 127 129 131 132 133 134 135 137 138 139 140 141 142 143 144]","[ 0  1  2  3  4  5  7  8  9 10 12 13 14 15 16 17 18 19 20 21 22 23 24 25
 29 30 31 32 33 34 36 37 38 39 43 44 45 46 48 49 50 51 55 56 57 67 68 69
 70 71 73 74 75 76 78]"
126,0.109,"[  1   2   3   4   5   6   7   8   9  10  11  12  13  14  15  17  18  19
  20  21  22  23  24  25  27  28  29  30  32  34  36  37  38  39  41  42
  43  44  45  46  47  49  50  51  52  53  54  56  57  58  59  60  61  62
  63  64  65  66  67  69  70  71  74  75  76  77  79  80  81  82  83  84
  85  86  88  89  90  91  92  93  94  95  96  97  98 101 102 103 104 105
 106 107 108 109 110 111 112 113 114 115 116 117 118 119 120 121 122 124
 125 126 127 129 131 132 133 134 135 137 138 139 140 141 142 143 144]","[ 0  1  2  3  4  5  7  8  9 10 12 13 14 15 16 17 18 19 20 21 22 23 24 25
 29 30 31 32 34 36 37 38 39 43 44 45 46 48 49 50 51 53 55 56 57 67 68 69
 70 71 73 74 75 76 78]"
127,0.2575,"[  1   2   3   4   5   6   7   8   9  10  11  12  13  14  15  17  18  19
  20  21  22  23  24  25  27  28  29  30  32  34  35  36  37  38  39  41
  42  43  44  45  46  47  49  50  51  52  53  54  56  57  58  59  60  61
  62  63  64  65  66  67  69  70  74  75  76  77  79  80  81  82  83  84
  85  86  88  89  90  91  92  93  94  95  96  97  98 101 102 103 104 105
 106 107 108 109 110 112 113 114 115 116 117 118 119 120 121 122 124 125
 126 127 129 130 131 132 133 134 135 137 138 139 140 141 142 143 144]","[ 0  1  2  3  4  5  7  8  9 10 12 13 14 15 16 17 18 19 20 22 23 24 25 29
 30 31 32 33 34 36 37 38 39 43 44 45 46 48 49 50 51 53 55 56 57 67 68 69
 70 71 73 74 75 76 78]"
128,0.059500000000000004,"[  1   2   3   4   5   7   8   9  10  11  12  13  14  15  17  18  19  20
  21  22  23  24  25  26  27  28  29  30  32  34  35  36  37  38  39  40
  42  43  44  45  46  47  48  49  50  52  53  54  56  57  58  59  60  62
  63  64  65  66  67  68  69  71  74  75  76  77  79  80  81  82  83  84
  85  86  88  89  90  91  92  93  94  95  96  97  98 101 102 103 104 105
 106 107 108 109 110 111 112 113 114 115 116 117 118 119 120 121 122 124
 125 126 127 129 130 131 133 134 135 137 138 139 140 141 142 143 144]","[ 0  1  2  3  4  5  7  8  9 10 12 13 14 15 16 17 18 19 20 22 23 24 25 29
 30 31 32 34 36 37 38 39 43 44 45 46 48 50 51 53 55 56 57 59 67 68 69 70
 71 73 74 75 76 78]"
129,0.109,"[  1   2   3   4   5   6   7   8   9  10  11  12  13  14  15  18  19  20
  21  22  23  24  25  26  27  28  29  30  32  34  36  37  38  39  41  42
  43  44  45  46  47  48  49  50  51  52  53  54  55  56  57  58  59  60
  61  62  63  65  66  68  69  70  71  74  75  76  77  79  80  81  82  83
  84  85  86  88  89  90  91  92  93  94  95  96  97  98 101 102 103 104
 105 106 107 108 109 110 111 112 113 114 115 116 117 119 120 121 122 124
 125 126 127 129 131 132 133 134 135 137 138 139 140 141 142 143 144]","[ 0  1  2  3  4  5  7  8  9 10 12 13 14 15 16 17 18 19 20 21 22 23 24 25
 29 30 31 32 34 36 37 39 43 44 45 46 48 50 51 53 55 56 57 67 68 69 70 71
 72 73 74 75 76 78]"
130,0.109,"[  1   2   3   4   5   6   7   8   9  10  11  12  13  14  15  17  18  19
  20  21  22  23  24  25  27  28  29  30  31  32  34  36  37  38  39  41
  42  43  44  45  46  47  49  50  51  52  53  54  56  57  58  59  60  61
  62  63  64  65  66  67  69  70  74  75  76  77  78  79  80  81  82  83
  84  85  86  88  89  90  91  92  93  94  95  96  97  98 101 102 103 104
 105 106 107 108 109 110 112 113 114 115 116 117 118 119 120 121 122 124
 125 126 127 129 131 132 133 134 135 137 138 139 140 141 142 143 144]","[ 0  1  2  3  4  5  7  8  9 10 12 13 14 15 16 17 18 19 20 21 22 23 24 25
 29 30 31 32 33 36 37 38 39 43 44 45 46 48 49 50 51 53 55 56 57 67 68 69
 70 71 73 74 75 78]"
131,0.15850000000000003,"[  1   2   3   4   5   6   7   8   9  10  11  12  13  14  15  18  19  20
  21  22  23  24  25  26  27  28  29  30  31  32  34  36  37  38  39  41
  42  43  44  45  46  47  48  49  50  51  52  53  54  56  57  58  59  60
  61  62  63  65  66  68  69  70  74  75  76  77  79  80  81  82  83  84
  85  86  88  89  90  91  92  93  94  95  96  97  98  99 101 102 103 104
 105 106 107 108 109 110 112 113 114 115 116 117 119 120 121 122 123 124
 125 126 127 129 131 132 133 134 135 137 138 139 140 141 142 143 144]","[ 0  1  2  3  4  5  7  8  9 10 12 13 14 15 16 17 18 19 20 21 22 23 24 25
 29 30 31 32 33 34 36 37 38 39 43 44 45 46 48 50 51 55 56 57 67 68 69 70
 71 72 73 74 75 78]"
132,0.15850000000000003,"[  1   2   3   4   5   6   7   8   9  10  11  12  13  14  15  18  19  20
  21  22  23  24  25  26  27  28  29  30  32  34  36  37  38  39  41  42
  43  44  45  46  47  48  49  50  51  52  53  54  56  57  58  59  60  61
  62  63  65  66  68  69  70  71  74  75  76  77  78  79  80  81  82  83
  84  85  86  88  89  90  91  92  93  94  95  96  97  98 101 102 103 104
 105 106 107 108 109 110 111 112 113 114 115 116 117 119 120 121 122 124
 125 126 127 129 131 132 133 134 135 137 138 139 140 141 142 143 144]","[ 0  1  2  3  4  5  7  8  9 10 12 13 14 15 16 17 18 19 20 21 22 23 24 25
 29 30 31 32 36 37 38 39 43 44 45 46 48 50 51 53 55 56 57 67 68 69 70 71
 72 73 74 75 76 78]"
133,0.15850000000000003,"[  1   2   3   4   5   6   7   8   9  10  11  12  13  14  15  18  19  20
  21  22  23  24  25  26  27  28  29  30  32  34  36  37  38  39  41  42
  43  44  45  46  47  48  49  50  51  52  53  54  56  57  58  59  60  61
  62  63  65  66  68  69  70  74  75  76  77  78  79  80  81  82  83  84
  85  86  88  89  90  91  92  93  94  95  96  97  98  99 101 102 103 104
 105 106 107 108 109 110 112 113 114 115 116 117 119 120 121 122 123 124
 125 126 127 129 131 132 133 134 135 137 138 139 140 141 142 143 144]","[ 0  1  2  3  4  5  7  8  9 10 12 13 14 15 16 17 18 19 20 21 22 23 24 25
 29 30 31 32 33 36 37 38 39 43 44 45 46 48 50 51 55 56 57 67 68 69 70 71
 72 73 74 75 76 78]"
134,0.30700000000000005,"[  1   2   3   4   5   6   7   8   9  10  11  12  13  14  15  18  19  20
  21  22  23  24  25  26  27  28  29  30  32  34  36  37  38  39  41  42
  43  44  45  46  47  48  49  50  51  52  53  54  56  57  58  59  60  61
  62  63  65  66  68  69  70  74  75  76  77  79  80  81  82  83  84  85
  86  88  89  90  91  92  93  94  95  96  97  98  99 101 102 103 104 105
 106 107 108 109 110 112 113 114 115 116 117 119 120 121 122 123 124 125
 126 127 129 130 131 132 133 134 135 137 138 139 140 141 142 143 144]","[ 0  1  2  3  4  5  7  8  9 10 12 13 14 15 16 17 18 19 20 22 23 24 25 29
 30 31 32 33 34 36 37 38 39 43 44 45 46 48 50 51 55 56 57 67 68 69 70 71
 72 73 74 75 76 78]"
135,0.15850000000000003,"[  1   2   3   4   5   6   7   8   9  10  11  12  13  14  15  18  19  20
  21  22  23  24  25  27  28  29  30  31  32  34  36  37  38  39  41  42
  43  44  45  46  47  49  50  51  52  53  54  56  57  58  59  60  61  62
  63  65  66  69  70  71  74  75  76  77  78  79  80  81  82  83  84  85
  86  88  89  90  91  92  93  94  95  96  97  98  99 101 102 103 104 105
 106 107 108 109 110 111 112 113 114 115 116 117 119 120 121 122 123 124
 125 126 127 129 131 132 133 134 135 137 138 139 140 141 142 143 144]","[ 0  1  2  3  4  5  7  8  9 10 12 13 14 15 16 17 18 19 20 21 22 23 24 25
 29 30 31 32 36 37 38 39 43 44 45 46 48 49 50 51 55 56 57 67 68 69 70 71
 72 73 74 75 78]"
136,0.109,"[  1   2   3   4   5   6   7   8   9  10  11  12  13  14  15  17  18  19
  20  21  22  23  24  25  27  28  29  30  31  32  34  36  37  38  39  41
  42  43  44  45  46  47  49  50  51  52  53  54  56  57  58  59  60  61
  62  63  64  65  66  67  69  70  74  75  76  77  79  80  81  82  83  84
  85  86  88  89  90  91  92  93  94  95  96  97  98 101 102 103 104 105
 106 107 108 109 110 112 113 114 115 116 117 118 119 120 121 122 124 125
 126 127 129 131 132 133 134 135 137 138 139 140 141 142 143 144]","[ 0  1  2  3  4  5  7  8  9 10 12 13 14 15 16 17 18 19 20 21 22 23 24 25
 29 30 31 32 33 34 36 37 38 39 43 44 45 46 48 49 50 51 53 55 56 57 67 68
 69 70 71 73 74 75 78]"
137,0.109,"[  1   2   3   4   5   6   7   8   9  10  11  12  13  14  15  18  19  20
  21  22  23  24  25  26  27  28  29  30  32  34  36  37  38  39  41  42
  43  44  45  46  47  48  49  50  51  52  53  54  56  57  58  59  60  61
  62  63  65  66  68  69  70  71  74  75  76  77  79  80  81  82  83  84
  85  86  88  89  90  91  92  93  94  95  96  97  98 101 102 103 104 105
 106 107 108 109 110 111 112 113 114 115 116 117 119 120 121 122 124 125
 126 127 129 131 132 133 134 135 137 138 139 140 141 142 143 144]","[ 0  1  2  3  4  5  7  8  9 10 12 13 14 15 16 17 18 19 20 21 22 23 24 25
 29 30 31 32 34 36 37 38 39 43 44 45 46 48 50 51 53 55 56 57 67 68 69 70
 71 72 73 74 75 76 78]"
138,0.15850000000000003,"[  1   2   3   4   5   6   7   8   9  10  11  12  13  14  15  18  19  20
  21  22  23  24  25  26  27  28  29  30  32  34  36  37  38  39  41  42
  43  44  45  46  47  48  49  50  51  52  53  54  56  57  58  59  60  61
  62  63  65  66  68  69  70  74  75  76  77  79  80  81  82  83  84  85
  86  88  89  90  91  92  93  94  95  96  97  98  99 101 102 103 104 105
 106 107 108 109 110 112 113 114 115 116 117 119 120 121 122 123 124 125
 126 127 129 131 132 133 134 135 137 138 139 140 141 142 143 144]","[ 0  1  2  3  4  5  7  8  9 10 12 13 14 15 16 17 18 19 20 21 22 23 24 25
 29 30 31 32 33 34 36 37 38 39 43 44 45 46 48 50 51 55 56 57 67 68 69 70
 71 72 73 74 75 76 78]"
139,0.059500000000000004,"[  1   2   3   4   5   7   8   9  10  11  12  13  14  15  17  18  19  20
  21  22  23  24  25  27  28  29  30  32  34  35  36  37  38  39  40  42
  43  44  45  46  47  49  50  52  53  54  55  56  57  58  59  60  62  63
  64  65  66  67  69  71  74  75  76  77  79  80  81  82  83  84  85  86
  88  89  90  91  92  93  94  95  96  97  98 101 102 103 104 105 106 107
 108 109 110 111 112 113 114 115 116 117 118 119 120 121 122 124 125 126
 127 129 130 131 133 134 135 136 137 138 139 140 141 142 143 144]","[ 0  1  2  3  4  5  7  8  9 10 12 13 14 15 16 17 18 19 20 22 23 24 25 29
 30 31 32 34 36 37 39 43 44 45 46 48 49 50 51 53 55 56 57 59 67 68 69 70
 71 73 74 75 76 78]"
140,0.059500000000000004,"[  1   2   3   4   5   7   8   9  10  11  12  13  14  15  16  17  18  19
  20  21  22  23  24  25  26  27  28  29  30  32  34  36  37  38  39  42
  43  44  45  46  47  48  49  50  52  53  54  56  57  58  59  60  62  63
  64  65  66  67  68  69  71  73  74  75  76  77  79  80  81  82  83  84
  85  86  88  89  90  91  92  93  94  95  96  97  98 101 102 103 104 105
 106 107 108 109 110 111 112 113 114 115 116 117 118 119 120 121 122 124
 125 126 127 129 131 133 134 135 137 138 139 140 141 142 143 144]","[ 0  1  2  3  4  5  7  8  9 10 12 13 14 15 16 17 18 19 20 21 22 23 24 25
 29 30 31 32 34 36 37 38 39 43 44 45 46 48 50 51 53 55 56 57 59 67 68 70
 71 73 74 75 76 78]"
141,0.15850000000000003,"[  1   2   3   4   5   6   7   8   9  10  11  12  13  14  15  18  19  20
  21  22  23  24  25  27  28  29  30  31  32  34  36  37  38  39  41  42
  43  44  45  46  47  49  50  51  52  53  54  56  57  58  59  60  61  62
  63  65  66  69  70  71  74  75  76  77  79  80  81  82  83  84  85  86
  88  89  90  91  92  93  94  95  96  97  98  99 101 102 103 104 105 106
 107 108 109 110 111 112 113 114 115 116 117 119 120 121 122 123 124 125
 126 127 129 131 132 133 134 135 137 138 139 140 141 142 143 144]","[ 0  1  2  3  4  5  7  8  9 10 12 13 14 15 16 17 18 19 20 21 22 23 24 25
 29 30 31 32 34 36 37 38 39 43 44 45 46 48 49 50 51 55 56 57 67 68 69 70
 71 72 73 74 75 78]"
142,0.15850000000000003,"[  1   2   3   4   5   6   7   8   9  10  11  12  13  14  15  18  19  20
  21  22  23  24  25  26  27  28  29  30  31  32  34  36  37  38  39  41
  42  43  44  45  46  47  48  49  50  51  52  53  54  56  57  58  59  60
  61  62  63  65  66  68  69  70  74  75  76  77  78  79  80  81  82  83
  84  85  86  88  89  90  91  92  93  94  95  96  97  98 101 102 103 104
 105 106 107 108 109 110 112 113 114 115 116 117 119 120 121 122 124 125
 126 127 129 131 132 133 134 135 137 138 139 140 141 142 143 144]","[ 0  1  2  3  4  5  7  8  9 10 12 13 14 15 16 17 18 19 20 21 22 23 24 25
 29 30 31 32 33 36 37 38 39 43 44 45 46 48 50 51 53 55 56 57 67 68 69 70
 71 72 73 74 75 78]"
143,0.15850000000000003,"[  1   2   3   4   5   7   8   9  10  11  12  13  14  15  17  18  19  20
  21  22  23  24  25  26  27  28  29  30  32  34  36  37  38  39  42  43
  44  45  46  47  48  49  50  52  53  54  55  56  57  58  59  60  62  63
  64  65  66  67  68  69  71  74  75  76  77  79  80  81  82  83  84  85
  86  88  89  90  91  92  93  94  95  96  97  98 101 102 103 104 105 106
 107 108 109 110 111 112 113 114 115 116 117 118 119 120 121 122 124 125
 126 127 129 131 133 134 135 136 137 138 139 140 141 142 143 144]","[ 0  1  2  3  4  5  7  8  9 10 12 13 14 15 16 17 18 19 20 21 22 23 24 25
 29 30 31 32 34 36 37 39 43 44 45 46 48 50 51 53 55 56 57 59 67 68 69 70
 71 73 74 75 76 78]"
144,0.109,"[  1   2   3   4   5   6   7   8   9  10  11  12  13  14  15  17  18  19
  20  21  22  23  24  25  27  28  29  30  32  34  36  37  38  39  41  42
  43  44  45  46  47  49  50  51  52  53  54  56  57  58  59  60  61  62
  63  64  65  66  67  69  70  74  75  76  77  79  80  81  82  83  84  85
  86  88  89  90  91  92  93  94  95  96  97  98 101 102 103 104 105 106
 107 108 109 110 112 113 114 115 116 117 118 119 120 121 122 124 125 126
 127 129 131 132 133 134 135 137 138 139 140 141 142 143 144]","[ 0  1  2  3  4  5  7  8  9 10 12 13 14 15 16 17 18 19 20 21 22 23 24 25
 29 30 31 32 33 34 36 37 38 39 43 44 45 46 48 49 50 51 53 55 56 57 67 68
 69 70 71 73 74 75 76 78]"
145,0.15850000000000003,"[  1   2   3   4   5   6   7   8   9  10  11  12  13  14  15  18  19  20
  21  22  23  24  25  27  28  29  30  32  34  36  37  38  39  41  42  43
  44  45  46  47  49  50  51  52  53  54  56  57  58  59  60  61  62  63
  65  66  69  70  71  74  75  76  77  79  80  81  82  83  84  85  86  88
  89  90  91  92  93  94  95  96  97  98  99 101 102 103 104 105 106 107
 108 109 110 111 112 113 114 115 116 117 119 120 121 122 123 124 125 126
 127 129 131 132 133 134 135 137 138 139 140 141 142 143 144]","[ 0  1  2  3  4  5  7  8  9 10 12 13 14 15 16 17 18 19 20 21 22 23 24 25
 29 30 31 32 34 36 37 38 39 43 44 45 46 48 49 50 51 55 56 57 67 68 69 70
 71 72 73 74 75 76 78]"
146,0.30700000000000005,"[  1   2   3   4   5   6   7   8   9  10  11  12  13  14  15  18  19  20
  21  22  23  24  25  27  28  29  30  32  34  36  37  38  39  40  41  42
  43  44  45  46  47  49  50  51  52  53  54  56  57  58  59  60  61  62
  63  65  66  69  70  71  74  75  76  77  79  80  81  82  83  84  85  86
  88  89  90  91  92  93  94  95  96  97  98 101 102 103 104 105 106 107
 108 109 110 111 112 113 114 115 116 117 119 120 121 122 124 125 126 127
 129 130 131 132 133 134 135 137 138 139 140 141 142 143 144]","[ 0  1  2  3  4  5  7  8  9 10 12 13 14 15 16 17 18 19 20 22 23 24 25 29
 30 31 32 34 36 37 38 39 43 44 45 46 48 49 50 51 53 55 56 57 67 68 69 70
 71 72 73 74 75 76 78]"
147,0.4555,"[  1   2   3   4   5   6   7   8   9  10  11  12  13  14  15  18  19  20
  21  22  23  24  25  26  27  28  29  30  32  34  36  37  38  39  41  42
  43  44  45  46  47  48  49  50  51  52  53  54  56  57  58  59  60  61
  62  63  65  66  68  69  70  74  75  76  77  79  80  81  82  83  84  85
  86  88  89  90  91  92  93  94  95  96  97  98 101 102 103 104 105 106
 107 108 109 110 112 113 114 115 116 117 119 120 121 122 124 125 126 127
 129 130 131 132 133 134 135 137 138 139 140 141 142 143 144]","[ 0  1  2  3  4  5  7  8  9 10 12 13 14 15 16 17 18 19 20 22 23 24 25 29
 30 31 32 33 34 36 37 38 39 43 44 45 46 48 50 51 53 55 56 57 67 68 69 70
 71 72 73 74 75 76 78]"
148,0.15850000000000003,"[  1   2   3   4   5   6   7   8   9  10  11  12  13  14  15  18  19  20
  21  22  23  24  25  27  28  29  30  31  32  34  36  37  38  39  41  42
  43  44  45  46  47  49  50  51  52  53  54  56  57  58  59  60  61  62
  63  65  66  69  70  74  75  76  77  78  79  80  81  82  83  84  85  86
  88  89  90  91  92  93  94  95  96  97  98  99 101 102 103 104 105 106
 107 108 109 110 112 113 114 115 116 117 119 120 121 122 123 124 125 126
 127 129 131 132 133 134 135 137 138 139 140 141 142 143 144]","[ 0  1  2  3  4  5  7  8  9 10 12 13 14 15 16 17 18 19 20 21 22 23 24 25
 29 30 31 32 33 36 37 38 39 43 44 45 46 48 49 50 51 55 56 57 67 68 69 70
 71 72 73 74 75 78]"
149,0.15850000000000003,"[  1   2   3   4   5   6   7   8   9  10  11  12  13  14  15  18  19  20
  21  22  23  24  25  26  27  28  29  30  32  34  36  37  38  39  41  42
  43  44  45  46  47  48  49  50  51  52  53  54  56  57  58  59  60  61
  62  63  65  66  68  69  70  74  75  76  77  79  80  81  82  83  84  85
  86  88  89  90  91  92  93  94  95  96  97  98 101 102 103 104 105 106
 107 108 109 110 112 113 114 115 116 117 119 120 121 122 124 125 126 127
 129 131 132 133 134 135 137 138 139 140 141 142 143 144]","[ 0  1  2  3  4  5  7  8  9 10 12 13 14 15 16 17 18 19 20 21 22 23 24 25
 29 30 31 32 33 34 36 37 38 39 43 44 45 46 48 50 51 53 55 56 57 67 68 69
 70 71 72 73 74 75 76 78]"
150,0.059500000000000004,"[  1   2   3   4   5   7   8   9  10  11  12  13  14  15  17  18  19  20
  21  22  23  24  25  26  27  28  29  30  32  34  36  37  38  39  42  43
  44  45  46  47  48  49  50  52  53  54  56  57  58  59  60  62  63  64
  65  66  67  68  69  71  74  75  76  77  79  80  81  82  83  84  85  86
  88  89  90  91  92  93  94  95  96  97  98 101 102 103 104 105 106 107
 108 109 110 111 112 113 114 115 116 117 118 119 120 121 122 124 125 126
 127 129 131 133 134 135 137 138 139 140 141 142 143 144]","[ 0  1  2  3  4  5  7  8  9 10 12 13 14 15 16 17 18 19 20 21 22 23 24 25
 29 30 31 32 34 36 37 38 39 43 44 45 46 48 50 51 53 55 56 57 59 67 68 69
 70 71 73 74 75 76 78]"
151,0.109,"[  1   2   3   4   5   6   7   8   9  10  11  12  13  14  15  18  19  20
  21  22  23  24  25  27  28  29  30  31  32  34  36  37  38  39  41  42
  43  44  45  46  47  49  50  51  52  53  54  56  57  58  59  60  61  62
  63  65  66  69  70  74  75  76  77  79  80  81  82  83  84  85  86  88
  89  90  91  92  93  94  95  96  97  98  99 101 102 103 104 105 106 107
 108 109 110 112 113 114 115 116 117 119 120 121 122 123 124 125 126 127
 129 131 132 133 134 135 137 138 139 140 141 142 143 144]","[ 0  1  2  3  4  5  7  8  9 10 12 13 14 15 16 17 18 19 20 21 22 23 24 25
 29 30 31 32 33 34 36 37 38 39 43 44 45 46 48 49 50 51 55 56 57 67 68 69
 70 71 72 73 74 75 78]"
152,0.15850000000000003,"[  1   2   3   4   5   6   7   8   9  10  11  12  13  14  15  18  19  20
  21  22  23  24  25  27  28  29  30  32  34  36  37  38  39  41  42  43
  44  45  46  47  49  50  51  52  53  54  56  57  58  59  60  61  62  63
  65  66  69  70  74  75  76  77  78  79  80  81  82  83  84  85  86  88
  89  90  91  92  93  94  95  96  97  98  99 101 102 103 104 105 106 107
 108 109 110 112 113 114 115 116 117 119 120 121 122 123 124 125 126 127
 129 131 132 133 134 135 137 138 139 140 141 142 143 144]","[ 0  1  2  3  4  5  7  8  9 10 12 13 14 15 16 17 18 19 20 21 22 23 24 25
 29 30 31 32 33 36 37 38 39 43 44 45 46 48 49 50 51 55 56 57 67 68 69 70
 71 72 73 74 75 76 78]"
153,0.15850000000000003,"[  1   2   3   4   5   6   7   8   9  10  11  12  13  14  15  18  19  20
  21  22  23  24  25  27  28  29  30  31  32  34  36  37  38  39  41  42
  43  44  45  46  47  49  50  51  52  53  54  56  57  58  59  60  61  62
  63  65  66  69  70  71  74  75  76  77  79  80  81  82  83  84  85  86
  88  89  90  91  92  93  94  95  96  97  98 101 102 103 104 105 106 107
 108 109 110 111 112 113 114 115 116 117 119 120 121 122 124 125 126 127
 129 131 132 133 134 135 137 138 139 140 141 142 143 144]","[ 0  1  2  3  4  5  7  8  9 10 12 13 14 15 16 17 18 19 20 21 22 23 24 25
 29 30 31 32 34 36 37 38 39 43 44 45 46 48 49 50 51 53 55 56 57 67 68 69
 70 71 72 73 74 75 78]"
154,0.35650000000000004,"[  1   2   3   4   5   6   7   8   9  10  11  12  13  14  15  18  19  20
  21  22  23  24  25  27  28  29  30  32  34  36  37  38  39  41  42  43
  44  45  46  47  49  50  51  52  53  54  56  57  58  59  60  61  62  63
  65  66  69  70  74  75  76  77  79  80  81  82  83  84  85  86  88  89
  90  91  92  93  94  95  96  97  98  99 101 102 103 104 105 106 107 108
 109 110 112 113 114 115 116 117 119 120 121 122 123 124 125 126 127 129
 130 131 132 133 134 135 137 138 139 140 141 142 143 144]","[ 0  1  2  3  4  5  7  8  9 10 12 13 14 15 16 17 18 19 20 22 23 24 25 29
 30 31 32 33 34 36 37 38 39 43 44 45 46 48 49 50 51 55 56 57 67 68 69 70
 71 72 73 74 75 76 78]"
155,0.15850000000000003,"[  1   2   3   4   6   7   8   9  10  12  13  14  15  17  18  19  20  21
  22  23  25  26  27  28  29  30  31  32  34  36  37  38  39  42  43  44
  45  46  47  48  49  50  51  52  53  54  56  57  58  59  60  61  62  64
  65  66  67  68  69  70  71  74  75  76  77  79  80  81  82  83  84  85
  86  88  89  90  91  92  93  94  95  96  98  99 101 102 103 104 105 106
 107 108 109 110 111 112 113 114 115 116 117 118 119 120 122 123 124 125
 126 127 129 131 132 134 135 137 138 139 140 141 142 143]","[ 0  1  2  3  4  5  7  8  9 10 12 13 14 15 16 17 18 19 20 21 22 23 24 25
 29 30 31 32 34 36 37 38 39 40 43 44 45 46 48 50 51 55 56 57 67 68 69 70
 71 73 74 75 78]"
156,0.15850000000000003,"[  1   2   3   4   5   6   7   8   9  10  11  12  13  14  15  18  19  20
  21  22  23  24  25  27  28  29  30  32  34  36  37  38  39  41  42  43
  44  45  46  47  49  50  51  52  53  54  56  57  58  59  60  61  62  63
  65  66  69  70  74  75  76  77  79  80  81  82  83  84  85  86  88  89
  90  91  92  93  94  95  96  97  98  99 101 102 103 104 105 106 107 108
 109 110 112 113 114 115 116 117 119 120 121 122 123 124 125 126 127 129
 131 132 133 134 135 137 138 139 140 141 142 143 144]","[ 0  1  2  3  4  5  7  8  9 10 12 13 14 15 16 17 18 19 20 21 22 23 24 25
 29 30 31 32 33 34 36 37 38 39 43 44 45 46 48 49 50 51 55 56 57 67 68 69
 70 71 72 73 74 75 76 78]"
157,0.15850000000000003,"[  1   2   3   4   5   6   7   8   9  10  11  12  13  14  15  18  19  20
  21  22  23  24  25  27  28  29  30  32  34  36  37  38  39  41  42  43
  44  45  46  47  49  50  51  52  53  54  56  57  58  59  60  61  62  63
  65  66  69  70  71  74  75  76  77  79  80  81  82  83  84  85  86  88
  89  90  91  92  93  94  95  96  97  98 101 102 103 104 105 106 107 108
 109 110 111 112 113 114 115 116 117 119 120 121 122 124 125 126 127 129
 131 132 133 134 135 137 138 139 140 141 142 143 144]","[ 0  1  2  3  4  5  7  8  9 10 12 13 14 15 16 17 18 19 20 21 22 23 24 25
 29 30 31 32 34 36 37 38 39 43 44 45 46 48 49 50 51 53 55 56 57 67 68 69
 70 71 72 73 74 75 76 78]"
158,0.059500000000000004,"[  1   2   3   4   5   7   8   9  10  11  12  13  14  15  17  18  19  20
  21  22  23  24  25  27  28  29  30  32  34  36  37  38  39  42  43  44
  45  46  47  49  50  52  53  54  55  56  57  58  59  60  62  63  64  65
  66  67  69  71  74  75  76  77  79  80  81  82  83  84  85  86  88  89
  90  91  92  93  94  95  96  97  98 101 102 103 104 105 106 107 108 109
 110 111 112 113 114 115 116 117 118 119 120 121 122 124 125 126 127 129
 131 133 134 135 136 137 138 139 140 141 142 143 144]","[ 0  1  2  3  4  5  7  8  9 10 12 13 14 15 16 17 18 19 20 21 22 23 24 25
 29 30 31 32 34 36 37 39 43 44 45 46 48 49 50 51 53 55 56 57 59 67 68 69
 70 71 73 74 75 76 78]"
159,0.109,"[  1   2   3   4   5   6   7   8  10  11  12  13  14  15  17  18  19  20
  21  22  23  24  25  27  28  29  30  32  34  36  37  38  39  41  42  43
  44  45  46  47  49  51  52  53  54  55  56  57  58  59  60  61  62  63
  64  65  66  67  69  71  74  75  76  77  79  80  81  82  83  84  85  86
  88  89  90  91  92  93  94  95  96  97  98 101 102 103 104 105 106 107
 108 109 110 111 112 113 115 116 117 118 119 121 122 124 125 126 127 129
 131 132 133 134 135 136 137 138 139 140 141 142 143]","[ 0  1  2  3  4  5  7  8  9 10 12 13 14 15 16 17 18 19 20 21 22 23 24 25
 29 30 31 32 34 36 37 39 43 44 45 46 48 49 50 51 53 54 55 56 57 67 68 69
 70 71 73 74 75 76 78]"
160,0.15850000000000003,"[  1   2   3   4   5   6   7   8   9  10  11  12  13  14  15  18  19  20
  21  22  23  24  25  27  28  29  30  31  32  34  36  37  38  39  41  42
  43  44  45  46  47  49  50  51  52  53  54  56  57  58  59  60  61  62
  63  65  66  69  70  74  75  76  77  78  79  80  81  82  83  84  85  86
  88  89  90  91  92  93  94  95  96  97  98 101 102 103 104 105 106 107
 108 109 110 112 113 114 115 116 117 119 120 121 122 124 125 126 127 129
 131 132 133 134 135 137 138 139 140 141 142 143 144]","[ 0  1  2  3  4  5  7  8  9 10 12 13 14 15 16 17 18 19 20 21 22 23 24 25
 29 30 31 32 33 36 37 38 39 43 44 45 46 48 49 50 51 53 55 56 57 67 68 69
 70 71 72 73 74 75 78]"
161,0.059500000000000004,"[  1   2   3   4   5   7   8   9  10  11  12  13  14  15  16  18  19  20
  21  22  23  24  25  26  27  28  29  30  32  34  36  37  38  39  42  43
  44  45  46  47  48  49  50  52  53  54  55  56  57  58  59  60  62  63
  65  66  68  69  71  73  74  75  76  77  79  80  81  82  83  84  85  86
  88  89  90  91  92  93  94  95  96  97  98 101 102 103 104 105 106 107
 108 109 110 111 112 113 114 115 116 117 119 120 121 122 124 125 126 127
 129 131 133 134 135 137 138 139 140 141 142 143 144]","[ 0  1  2  3  4  5  7  8  9 10 12 13 14 15 16 17 18 19 20 21 22 23 24 25
 29 30 31 32 34 36 37 39 43 44 45 46 48 50 51 53 55 56 57 59 67 68 70 71
 72 73 74 75 76 78]"
162,0.109,"[  1   2   3   4   6   7   8   9  10  12  13  14  15  17  18  19  20  21
  22  23  25  26  27  28  29  30  32  34  36  37  38  39  42  43  44  45
  46  47  48  49  50  51  52  53  54  55  56  57  58  59  60  61  62  64
  65  66  67  68  69  70  71  74  75  76  77  79  80  81  82  83  84  85
  86  88  89  90  91  92  93  94  95  96  98 101 102 103 104 105 106 107
 108 109 110 111 112 113 114 115 116 117 118 119 120 122 124 125 126 127
 129 131 132 134 135 136 137 138 139 140 141 142 143]","[ 0  1  2  3  4  5  7  8  9 10 12 13 14 15 16 17 18 19 20 21 22 23 24 25
 29 30 31 32 34 36 37 39 40 43 44 45 46 48 50 51 53 55 56 57 67 68 69 70
 71 73 74 75 76 78]"
163,0.15850000000000003,"[  1   2   3   4   5   6   7   8   9  10  11  12  13  14  15  18  19  20
  21  22  23  24  25  27  28  29  30  32  34  36  37  38  39  41  42  43
  44  45  46  47  49  50  51  52  53  54  56  57  58  59  60  61  62  63
  65  66  69  70  74  75  76  77  78  79  80  81  82  83  84  85  86  88
  89  90  91  92  93  94  95  96  97  98 101 102 103 104 105 106 107 108
 109 110 112 113 114 115 116 117 119 120 121 122 124 125 126 127 129 131
 132 133 134 135 137 138 139 140 141 142 143 144]","[ 0  1  2  3  4  5  7  8  9 10 12 13 14 15 16 17 18 19 20 21 22 23 24 25
 29 30 31 32 33 36 37 38 39 43 44 45 46 48 49 50 51 53 55 56 57 67 68 69
 70 71 72 73 74 75 76 78]"
164,0.15850000000000003,"[  1   2   3   4   5   6   7   8   9  10  11  12  13  14  15  18  19  20
  21  22  23  24  25  27  28  29  30  31  32  34  36  37  38  39  41  42
  43  44  45  46  47  49  50  51  52  53  54  56  57  58  59  60  61  62
  63  65  66  69  70  74  75  76  77  79  80  81  82  83  84  85  86  88
  89  90  91  92  93  94  95  96  97  98 101 102 103 104 105 106 107 108
 109 110 112 113 114 115 116 117 119 120 121 122 124 125 126 127 129 131
 132 133 134 135 137 138 139 140 141 142 143 144]","[ 0  1  2  3  4  5  7  8  9 10 12 13 14 15 16 17 18 19 20 21 22 23 24 25
 29 30 31 32 33 34 36 37 38 39 43 44 45 46 48 49 50 51 53 55 56 57 67 68
 69 70 71 72 73 74 75 78]"
165,0.20800000000000002,"[  1   2   3   4   5   7   8   9  10  11  12  13  14  15  17  18  19  20
  21  22  23  24  25  26  27  28  29  30  32  34  36  37  38  39  42  43
  44  45  46  47  48  49  50  52  53  54  56  57  58  59  60  62  63  64
  65  66  67  68  69  74  75  76  77  79  80  81  82  83  84  85  86  88
  89  90  91  92  93  94  95  96  97  98 101 102 103 104 105 106 107 108
 109 110 112 113 114 115 116 117 118 119 120 121 122 124 125 126 127 129
 131 133 134 135 137 138 139 140 141 142 143 144]","[ 0  1  2  3  4  5  7  8  9 10 12 13 14 15 16 17 18 19 20 21 22 23 24 25
 29 30 31 32 33 34 36 37 38 39 43 44 45 46 48 50 51 53 55 56 57 59 67 68
 69 70 71 73 74 75 76 78]"
166,0.35650000000000004,"[  1   2   3   4   5   6   7   8   9  10  11  12  13  14  15  18  19  20
  21  22  23  24  25  27  28  29  30  32  34  36  37  38  39  41  42  43
  44  45  46  47  49  50  51  52  53  54  56  57  58  59  60  61  62  63
  65  66  69  70  74  75  76  77  79  80  81  82  83  84  85  86  88  89
  90  91  92  93  94  95  96  97  98 101 102 103 104 105 106 107 108 109
 110 112 113 114 115 116 117 119 120 121 122 124 125 126 127 129 130 131
 132 133 134 135 137 138 139 140 141 142 143 144]","[ 0  1  2  3  4  5  7  8  9 10 12 13 14 15 16 17 18 19 20 22 23 24 25 29
 30 31 32 33 34 36 37 38 39 43 44 45 46 48 49 50 51 53 55 56 57 67 68 69
 70 71 72 73 74 75 76 78]"
167,0.059500000000000004,"[  1   2   3   4   5   7   8   9  10  11  12  13  14  15  17  18  19  20
  21  22  23  24  25  27  28  29  30  32  34  36  37  38  39  42  43  44
  45  46  47  49  50  52  53  54  56  57  58  59  60  62  63  64  65  66
  67  69  71  74  75  76  77  78  79  80  81  82  83  84  85  86  88  89
  90  91  92  93  94  95  96  97  98 101 102 103 104 105 106 107 108 109
 110 111 112 113 114 115 116 117 118 119 120 121 122 124 125 126 127 129
 131 133 134 135 137 138 139 140 141 142 143 144]","[ 0  1  2  3  4  5  7  8  9 10 12 13 14 15 16 17 18 19 20 21 22 23 24 25
 29 30 31 32 36 37 38 39 43 44 45 46 48 49 50 51 53 55 56 57 59 67 68 69
 70 71 73 74 75 76 78]"
168,0.15850000000000003,"[  1   2   3   4   5   6   7   8   9  10  11  12  13  14  15  18  19  20
  21  23  24  25  26  27  28  29  30  32  34  36  38  39  41  42  43  44
  45  46  47  48  49  52  53  54  56  57  58  59  60  61  62  63  65  66
  68  69  70  71  74  75  76  77  79  80  81  82  84  85  86  88  89  90
  91  92  93  94  95  96  97  98  99 101 102 103 104 105 106 107 108 109
 110 111 112 113 114 115 116 117 119 121 122 123 124 125 126 127 129 131
 132 133 134 135 137 138 139 140 141 142 143 144]","[ 0  1  2  3  4  5  7  8  9 10 12 13 14 15 16 17 18 19 20 21 22 23 24 25
 26 29 30 31 32 34 36 37 38 39 43 44 45 46 48 50 51 55 56 57 67 68 69 70
 71 72 73 74 75 76 78]"
169,0.109,"[  1   2   3   4   6   7   8   9  10  12  13  14  15  18  19  20  21  22
  23  25  26  27  28  29  30  31  32  34  36  37  38  39  42  43  44  45
  46  47  48  49  50  51  52  53  54  55  56  57  58  59  60  61  62  65
  66  68  69  70  71  74  75  76  77  78  79  80  81  82  83  84  85  86
  88  89  90  91  92  93  94  95  96  98  99 101 102 103 104 105 106 107
 108 109 110 111 112 113 114 115 116 117 119 120 122 123 124 125 126 127
 129 131 132 134 135 137 138 139 140 141 142 143]","[ 0  1  2  3  4  5  7  8  9 10 12 13 14 15 16 17 18 19 20 21 22 23 24 25
 29 30 31 32 36 37 39 40 43 44 45 46 48 50 51 55 56 57 67 68 69 70 71 72
 73 74 75 78]"
170,0.15850000000000003,"[  1   2   3   4   5   6   7   8   9  10  11  12  13  14  15  18  19  20
  21  22  23  24  25  27  28  29  30  32  34  36  37  38  39  41  42  43
  44  45  46  47  49  50  51  52  53  54  56  57  58  59  60  61  62  63
  65  66  69  70  74  75  76  77  79  80  81  82  83  84  85  86  88  89
  90  91  92  93  94  95  96  97  98 101 102 103 104 105 106 107 108 109
 110 112 113 114 115 116 117 119 120 121 122 124 125 126 127 129 131 132
 133 134 135 137 138 139 140 141 142 143 144]","[ 0  1  2  3  4  5  7  8  9 10 12 13 14 15 16 17 18 19 20 21 22 23 24 25
 29 30 31 32 33 34 36 37 38 39 43 44 45 46 48 49 50 51 53 55 56 57 67 68
 69 70 71 72 73 74 75 76 78]"
171,0.059500000000000004,"[  1   2   3   4   5   7   8   9  10  11  12  13  14  15  17  18  19  20
  21  22  23  24  25  27  28  29  30  32  34  36  37  38  39  42  43  44
  45  46  47  49  50  52  53  54  56  57  58  59  60  62  63  64  65  66
  67  69  71  74  75  76  77  79  80  81  82  83  84  85  86  88  89  90
  91  92  93  94  95  96  97  98 101 102 103 104 105 106 107 108 109 110
 111 112 113 114 115 116 117 118 119 120 121 122 124 125 126 127 129 131
 133 134 135 137 138 139 140 141 142 143 144]","[ 0  1  2  3  4  5  7  8  9 10 12 13 14 15 16 17 18 19 20 21 22 23 24 25
 29 30 31 32 34 36 37 38 39 43 44 45 46 48 49 50 51 53 55 56 57 59 67 68
 69 70 71 73 74 75 76 78]"
172,0.2575,"[  1   2   3   4   5   7   8   9  10  11  12  13  14  15  17  18  19  20
  21  22  23  24  25  27  28  29  30  32  34  36  37  38  39  42  43  44
  45  46  47  49  50  52  53  54  56  57  58  59  60  62  63  64  65  66
  67  69  74  75  76  77  79  80  81  82  83  84  85  86  88  89  90  91
  92  93  94  95  96  97  98  99 101 102 103 104 105 106 107 108 109 110
 112 113 114 115 116 117 118 119 120 121 122 123 124 125 126 127 129 131
 133 134 135 137 138 139 140 141 142 143 144]","[ 0  1  2  3  4  5  7  8  9 10 12 13 14 15 16 17 18 19 20 21 22 23 24 25
 29 30 31 32 33 34 36 37 38 39 43 44 45 46 48 49 50 51 55 56 57 59 67 68
 69 70 71 73 74 75 76 78]"
173,0.109,"[  1   2   3   4   5   7   8   9  10  11  12  13  14  15  17  18  19  20
  21  22  23  24  25  27  28  29  30  31  32  34  36  37  38  39  42  43
  44  45  46  47  49  50  52  53  54  56  57  58  59  60  62  63  64  65
  66  67  69  74  75  76  77  78  79  80  81  82  83  84  85  86  88  89
  90  91  92  93  94  95  96  97  98 101 102 103 104 105 106 107 108 109
 110 112 113 114 115 116 117 118 119 120 121 122 124 125 126 127 129 131
 133 134 135 137 138 139 140 141 142 143 144]","[ 0  1  2  3  4  5  7  8  9 10 12 13 14 15 16 17 18 19 20 21 22 23 24 25
 29 30 31 32 33 36 37 38 39 43 44 45 46 48 49 50 51 53 55 56 57 59 67 68
 69 70 71 73 74 75 78]"
174,0.15850000000000003,"[  1   2   3   4   5   7   8   9  10  11  12  13  14  15  18  19  20  21
  22  23  24  25  26  27  28  29  30  32  34  36  37  38  39  42  43  44
  45  46  47  48  49  50  52  53  54  55  56  57  58  59  60  62  63  65
  66  68  69  71  74  75  76  77  79  80  81  82  83  84  85  86  88  89
  90  91  92  93  94  95  96  97  98 101 102 103 104 105 106 107 108 109
 110 111 112 113 114 115 116 117 119 120 121 122 124 125 126 127 129 131
 133 134 135 137 138 139 140 141 142 143 144]","[ 0  1  2  3  4  5  7  8  9 10 12 13 14 15 16 17 18 19 20 21 22 23 24 25
 29 30 31 32 34 36 37 39 43 44 45 46 48 50 51 53 55 56 57 59 67 68 69 70
 71 72 73 74 75 76 78]"
175,0.20800000000000002,"[  1   2   3   4   6   7   8  10  12  13  14  15  17  18  19  20  21  22
  23  25  27  28  29  30  31  32  34  36  37  38  39  42  43  44  45  46
  47  49  50  51  52  53  54  56  57  58  59  60  61  62  64  65  66  67
  69  70  71  74  75  76  77  78  79  80  81  82  83  84  85  86  88  89
  90  91  92  93  94  95  96  98  99 101 102 103 104 105 106 107 108 109
 110 111 112 113 114 115 116 117 118 119 120 122 123 124 125 126 127 129
 131 132 134 135 137 138 139 140 141 142 143]","[ 0  1  2  3  4  5  7  8  9 10 12 13 14 15 16 17 18 19 20 21 22 23 24 25
 29 30 31 32 35 36 37 38 39 40 43 44 45 46 48 49 50 51 55 56 57 67 68 69
 70 71 73 74 75 78]"
176,0.15850000000000003,"[  1   2   3   4   5   7   8   9  10  11  12  13  14  15  18  19  20  21
  22  23  24  25  26  27  28  29  30  32  34  36  37  38  39  42  43  44
  45  46  47  48  49  50  52  53  54  56  57  58  59  60  62  63  65  66
  68  69  71  74  75  76  77  79  80  81  82  83  84  85  86  88  89  90
  91  92  93  94  95  96  97  98 101 102 103 104 105 106 107 108 109 110
 111 112 113 114 115 116 117 119 120 121 122 124 125 126 127 129 131 133
 134 135 137 138 139 140 141 142 143 144]","[ 0  1  2  3  4  5  7  8  9 10 12 13 14 15 16 17 18 19 20 21 22 23 24 25
 29 30 31 32 34 36 37 38 39 43 44 45 46 48 50 51 53 55 56 57 59 67 68 69
 70 71 72 73 74 75 76 78]"
177,0.109,"[  1   2   3   4   6   7   8   9  10  12  13  14  15  16  17  18  19  20
  21  22  23  25  26  27  28  29  30  32  34  36  37  38  39  42  43  44
  45  46  47  48  49  50  51  52  53  54  56  57  58  59  60  61  62  64
  65  66  67  68  69  70  74  75  76  77  79  80  81  82  83  84  85  86
  88  89  90  91  92  93  94  95  96  98 101 102 103 104 105 106 107 108
 109 110 112 113 114 115 116 117 118 119 120 122 124 125 126 127 129 131
 132 134 135 137 138 139 140 141 142 143]","[ 0  1  2  3  4  5  7  8  9 10 12 13 14 15 16 17 18 19 20 21 22 23 24 25
 29 30 31 32 33 34 36 37 38 39 40 43 44 45 46 48 50 51 53 55 56 57 67 68
 70 71 73 74 75 76 78]"
178,0.15850000000000003,"[  1   2   3   4   5   7   8   9  10  11  12  13  14  15  18  19  20  21
  22  23  24  25  26  27  28  29  30  31  32  34  36  37  38  39  42  43
  44  45  46  47  48  49  50  52  53  54  56  57  58  59  60  62  63  65
  66  68  69  74  75  76  77  78  79  80  81  82  83  84  85  86  88  89
  90  91  92  93  94  95  96  97  98 101 102 103 104 105 106 107 108 109
 110 112 113 114 115 116 117 119 120 121 122 124 125 126 127 129 131 133
 134 135 137 138 139 140 141 142 143 144]","[ 0  1  2  3  4  5  7  8  9 10 12 13 14 15 16 17 18 19 20 21 22 23 24 25
 29 30 31 32 33 36 37 38 39 43 44 45 46 48 50 51 53 55 56 57 59 67 68 69
 70 71 72 73 74 75 78]"
179,0.20800000000000002,"[  1   2   3   4   6   7   8  10  12  13  14  15  17  18  19  20  21  22
  23  25  27  28  29  30  31  32  34  36  37  38  39  42  43  44  45  46
  47  49  50  51  52  53  54  56  57  58  59  60  61  62  64  65  66  67
  69  70  71  74  75  76  77  79  80  81  82  83  84  85  86  88  89  90
  91  92  93  94  95  96  98  99 101 102 103 104 105 106 107 108 109 110
 111 112 113 114 115 116 117 118 119 120 122 123 124 125 126 127 129 131
 132 134 135 137 138 139 140 141 142 143]","[ 0  1  2  3  4  5  7  8  9 10 12 13 14 15 16 17 18 19 20 21 22 23 24 25
 29 30 31 32 34 35 36 37 38 39 40 43 44 45 46 48 49 50 51 55 56 57 67 68
 69 70 71 73 74 75 78]"
180,0.109,"[  1   2   3   4   5   7   8   9  10  11  12  13  14  15  17  18  19  20
  21  22  23  24  25  27  28  29  30  32  34  36  37  38  39  42  43  44
  45  46  47  49  50  52  53  54  56  57  58  59  60  62  63  64  65  66
  67  69  74  75  76  77  79  80  81  82  83  84  85  86  88  89  90  91
  92  93  94  95  96  97  98 101 102 103 104 105 106 107 108 109 110 112
 113 114 115 116 117 118 119 120 121 122 124 125 126 127 129 131 133 134
 135 137 138 139 140 141 142 143 144]","[ 0  1  2  3  4  5  7  8  9 10 12 13 14 15 16 17 18 19 20 21 22 23 24 25
 29 30 31 32 33 34 36 37 38 39 43 44 45 46 48 49 50 51 53 55 56 57 59 67
 68 69 70 71 73 74 75 76 78]"
181,0.109,"[  1   2   3   4   5   7   8   9  10  11  12  13  14  15  18  19  20  21
  22  23  24  25  27  28  29  30  32  34  36  37  38  39  42  43  44  45
  46  47  49  50  52  53  54  56  57  58  59  60  62  63  65  66  69  71
  74  75  76  77  79  80  81  82  83  84  85  86  88  89  90  91  92  93
  94  95  96  97  98  99 101 102 103 104 105 106 107 108 109 110 111 112
 113 114 115 116 117 119 120 121 122 123 124 125 126 127 129 131 133 134
 135 137 138 139 140 141 142 143 144]","[ 0  1  2  3  4  5  7  8  9 10 12 13 14 15 16 17 18 19 20 21 22 23 24 25
 29 30 31 32 34 36 37 38 39 43 44 45 46 48 49 50 51 55 56 57 59 67 68 69
 70 71 72 73 74 75 76 78]"
182,0.15850000000000003,"[  1   2   3   4   6   7   8  10  12  13  14  15  17  18  19  20  21  22
  23  25  27  28  29  30  32  34  36  37  38  39  42  43  44  45  46  47
  49  50  51  52  53  54  56  57  58  59  60  61  62  64  65  66  67  69
  70  71  74  75  76  77  79  80  81  82  83  84  85  86  88  89  90  91
  92  93  94  95  96  98  99 101 102 103 104 105 106 107 108 109 110 111
 112 113 114 115 116 117 118 119 120 122 123 124 125 126 127 129 131 132
 134 135 137 138 139 140 141 142 143]","[ 0  1  2  3  4  5  7  8  9 10 12 13 14 15 16 17 18 19 20 21 22 23 24 25
 29 30 31 32 34 35 36 37 38 39 40 43 44 45 46 48 49 50 51 55 56 57 67 68
 69 70 71 73 74 75 76 78]"
183,0.059500000000000004,"[  1   2   3   4   5   7   8  10  11  12  13  14  15  17  18  19  20  21
  22  23  24  25  27  28  29  30  31  32  34  36  37  38  39  42  43  44
  45  46  47  49  52  53  54  55  56  57  58  59  60  62  63  64  65  66
  67  69  71  74  75  76  77  79  80  81  82  83  84  85  86  88  89  90
  91  92  93  94  95  96  97  98 101 102 103 104 105 106 107 108 109 110
 111 112 113 115 116 117 118 119 121 122 124 125 126 127 129 131 133 134
 135 136 137 138 139 140 141 142 143]","[ 0  1  2  3  4  5  7  8  9 10 12 13 14 15 16 17 18 19 20 21 22 23 24 25
 29 30 31 32 34 36 37 39 43 44 45 46 48 49 50 51 53 54 55 56 57 59 67 68
 69 70 71 73 74 75 78]"
184,0.20800000000000002,"[  1   2   3   4   6   7   8  10  12  13  14  15  17  18  19  20  21  22
  23  25  27  28  29  30  31  32  34  36  37  38  39  42  43  44  45  46
  47  49  50  51  52  53  54  56  57  58  59  60  61  62  64  65  66  67
  69  70  71  74  75  76  77  78  79  80  81  82  83  84  85  86  88  89
  90  91  92  93  94  95  96  98 101 102 103 104 105 106 107 108 109 110
 111 112 113 114 115 116 117 118 119 120 122 124 125 126 127 129 131 132
 134 135 137 138 139 140 141 142 143]","[ 0  1  2  3  4  5  7  8  9 10 12 13 14 15 16 17 18 19 20 21 22 23 24 25
 29 30 31 32 35 36 37 38 39 40 43 44 45 46 48 49 50 51 53 55 56 57 67 68
 69 70 71 73 74 75 78]"
185,0.20800000000000002,"[  1   2   3   4   5   7   8   9  10  11  12  13  14  15  18  19  20  21
  22  23  24  25  26  27  28  29  30  32  34  36  37  38  39  42  43  44
  45  46  47  48  49  50  52  53  54  56  57  58  59  60  62  63  65  66
  68  69  74  75  76  77  79  80  81  82  83  84  85  86  88  89  90  91
  92  93  94  95  96  97  98 101 102 103 104 105 106 107 108 109 110 112
 113 114 115 116 117 119 120 121 122 124 125 126 127 129 131 133 134 135
 137 138 139 140 141 142 143 144]","[ 0  1  2  3  4  5  7  8  9 10 12 13 14 15 16 17 18 19 20 21 22 23 24 25
 29 30 31 32 33 34 36 37 38 39 43 44 45 46 48 50 51 53 55 56 57 59 67 68
 69 70 71 72 73 74 75 76 78]"
186,0.406,"[  1   2   3   4   6   7   8  10  12  13  14  15  17  18  19  20  21  22
  23  25  26  27  28  29  30  32  34  36  37  38  39  42  43  44  45  46
  47  48  49  50  51  52  53  54  56  57  58  59  60  61  62  64  65  66
  67  68  69  70  74  75  76  77  79  80  81  82  83  84  85  86  88  89
  90  91  92  93  94  95  96  98 101 102 103 104 105 106 107 108 109 110
 112 113 114 115 116 117 118 119 120 122 124 125 126 127 129 131 132 134
 135 137 138 139 140 141 142 143]","[ 0  1  2  3  4  5  7  8  9 10 12 13 14 15 16 17 18 19 20 21 22 23 24 25
 29 30 31 32 33 34 35 36 37 38 39 40 43 44 45 46 48 50 51 53 55 56 57 67
 68 69 70 71 73 74 75 76 78]"
187,0.109,"[  1   2   3   4   5   7   8  10  11  12  13  14  15  17  18  19  20  21
  22  23  24  25  27  28  29  30  32  34  36  37  38  39  42  43  44  45
  46  47  49  52  53  54  55  56  57  58  59  60  62  63  64  65  66  67
  69  71  74  75  76  77  79  80  81  82  83  84  85  86  88  89  90  91
  92  93  94  95  96  97  98 101 102 103 104 105 106 107 108 109 110 111
 112 113 115 116 117 118 119 121 122 124 125 126 127 129 131 133 134 135
 136 137 138 139 140 141 142 143]","[ 0  1  2  3  4  5  7  8  9 10 12 13 14 15 16 17 18 19 20 21 22 23 24 25
 29 30 31 32 34 36 37 39 43 44 45 46 48 49 50 51 53 54 55 56 57 59 67 68
 69 70 71 73 74 75 76 78]"
188,0.15850000000000003,"[  1   2   3   4   5   7   8  10  11  12  13  14  15  17  18  19  20  21
  22  23  24  25  27  28  29  30  32  34  36  37  38  39  42  43  44  45
  46  47  49  52  53  54  56  57  58  59  60  62  63  64  65  66  67  69
  71  74  75  76  77  79  80  81  82  83  84  85  86  88  89  90  91  92
  93  94  95  96  97  98  99 101 102 103 104 105 106 107 108 109 110 111
 112 113 115 116 117 118 119 121 122 123 124 125 126 127 129 131 133 134
 135 137 138 139 140 141 142 143]","[ 0  1  2  3  4  5  7  8  9 10 12 13 14 15 16 17 18 19 20 21 22 23 24 25
 29 30 31 32 34 36 37 38 39 43 44 45 46 48 49 50 51 54 55 56 57 59 67 68
 69 70 71 73 74 75 76 78]"
189,0.20800000000000002,"[  1   2   3   4   6   7   8   9  10  12  13  14  15  17  18  19  20  21
  22  23  25  27  28  29  30  32  34  36  37  38  39  42  43  44  45  46
  47  49  50  51  52  53  54  56  57  58  59  60  61  62  64  65  66  67
  69  70  71  74  75  76  77  79  80  81  82  83  84  85  86  88  89  90
  91  92  93  94  95  96  98 101 102 103 104 105 106 107 108 109 110 111
 112 113 114 115 116 117 118 119 120 122 124 125 126 127 129 131 132 134
 135 137 138 139 140 141 142 143]","[ 0  1  2  3  4  5  7  8  9 10 12 13 14 15 16 17 18 19 20 21 22 23 24 25
 29 30 31 32 34 36 37 38 39 40 43 44 45 46 48 49 50 51 53 55 56 57 67 68
 69 70 71 73 74 75 76 78]"
190,0.20800000000000002,"[  1   2   3   4   6   7   8  10  12  13  14  15  17  18  19  20  21  22
  23  25  27  28  29  30  32  34  36  37  38  39  42  43  44  45  46  47
  49  50  51  52  53  54  56  57  58  59  60  61  62  64  65  66  67  69
  70  74  75  76  77  78  79  80  81  82  83  84  85  86  88  89  90  91
  92  93  94  95  96  98  99 101 102 103 104 105 106 107 108 109 110 112
 113 114 115 116 117 118 119 120 122 123 124 125 126 127 129 131 132 134
 135 137 138 139 140 141 142 143]","[ 0  1  2  3  4  5  7  8  9 10 12 13 14 15 16 17 18 19 20 21 22 23 24 25
 29 30 31 32 33 35 36 37 38 39 40 43 44 45 46 48 49 50 51 55 56 57 67 68
 69 70 71 73 74 75 76 78]"
191,0.109,"[  1   2   3   4   5   7   8  10  11  12  13  14  15  17  18  19  20  21
  22  23  24  25  27  28  29  30  31  32  34  36  37  38  39  42  43  44
  45  46  47  49  52  53  54  56  57  58  59  60  62  63  64  65  66  67
  69  74  75  76  77  78  79  80  81  82  83  84  85  86  88  89  90  91
  92  93  94  95  96  97  98  99 101 102 103 104 105 106 107 108 109 110
 112 113 115 116 117 118 119 121 122 123 124 125 126 127 129 131 133 134
 135 137 138 139 140 141 142 143]","[ 0  1  2  3  4  5  7  8  9 10 12 13 14 15 16 17 18 19 20 21 22 23 24 25
 29 30 31 32 33 36 37 38 39 43 44 45 46 48 49 50 51 54 55 56 57 59 67 68
 69 70 71 73 74 75 78]"
192,0.109,"[  1   2   3   4   5   6   8   9  10  11  12  13  14  15  18  19  20  21
  22  23  24  25  27  28  29  30  31  32  34  36  37  38  39  41  42  43
  44  45  46  47  49  50  51  52  53  54  56  57  58  59  60  61  62  65
  66  69  70  74  75  76  77  78  79  80  81  82  83  84  85  86  89  90
  91  92  93  94  95  96  97  98  99 101 102 103 105 107 108 109 112 113
 114 115 116 117 119 120 121 122 123 124 125 126 127 129 131 132 133 134
 135 137 139 140 141 142 143 144]","[ 0  1  2  3  4  5  7  8  9 10 12 13 14 15 16 17 18 19 20 21 22 23 24 25
 29 30 31 32 33 36 37 38 39 43 44 45 46 47 48 49 50 51 55 56 57 67 68 69
 70 71 72 73 74 75 78]"
193,0.059500000000000004,"[  1   2   3   4   5   7   8   9  10  11  12  13  14  15  18  19  20  21
  22  23  24  25  27  28  29  30  32  34  36  37  38  39  42  43  44  45
  46  47  49  50  52  53  54  56  57  58  59  60  62  63  65  66  69  71
  74  75  76  77  79  80  81  82  83  84  85  86  88  89  90  91  92  93
  94  95  96  97  98 101 102 103 104 105 106 107 108 109 110 111 112 113
 114 115 116 117 119 120 121 122 124 125 126 127 129 131 133 134 135 137
 138 139 140 141 142 143 144]","[ 0  1  2  3  4  5  7  8  9 10 12 13 14 15 16 17 18 19 20 21 22 23 24 25
 29 30 31 32 34 36 37 38 39 43 44 45 46 48 49 50 51 53 55 56 57 59 67 68
 69 70 71 72 73 74 75 76 78]"
194,0.15850000000000003,"[  1   2   3   4   5   6   7   8  10  11  12  13  14  15  18  19  20  21
  22  23  24  25  27  28  29  30  32  34  36  37  38  39  41  42  43  44
  45  46  47  49  51  52  53  54  56  57  58  59  60  61  62  63  65  66
  69  71  74  75  76  77  79  80  81  82  83  84  85  86  88  89  90  91
  92  93  94  95  96  97  98 101 102 103 104 105 106 107 108 109 110 111
 112 113 115 116 117 119 121 122 124 125 126 127 129 131 132 133 134 135
 137 138 139 140 141 142 143]","[ 0  1  2  3  4  5  7  8  9 10 12 13 14 15 16 17 18 19 20 21 22 23 24 25
 29 30 31 32 34 36 37 38 39 43 44 45 46 48 49 50 51 53 54 55 56 57 67 68
 69 70 71 72 73 74 75 76 78]"
195,0.15850000000000003,"[  1   2   3   4   5   6   7   8  10  11  12  13  14  15  18  19  20  21
  22  23  24  25  27  28  29  30  32  34  36  37  38  39  41  42  43  44
  45  46  47  49  51  52  53  54  56  57  58  59  60  61  62  63  65  66
  69  74  75  76  77  79  80  81  82  83  84  85  86  88  89  90  91  92
  93  94  95  96  97  98  99 101 102 103 104 105 106 107 108 109 110 112
 113 115 116 117 119 121 122 123 124 125 126 127 129 131 132 133 134 135
 137 138 139 140 141 142 143]","[ 0  1  2  3  4  5  7  8  9 10 12 13 14 15 16 17 18 19 20 21 22 23 24 25
 29 30 31 32 33 34 36 37 38 39 43 44 45 46 48 49 50 51 54 55 56 57 67 68
 69 70 71 72 73 74 75 76 78]"
196,0.20800000000000002,"[  1   2   3   4   6   7   8  10  12  13  14  15  17  18  19  20  21  22
  23  25  27  28  29  30  32  34  36  37  38  39  42  43  44  45  46  47
  49  50  51  52  53  54  56  57  58  59  60  61  62  64  65  66  67  69
  70  71  74  75  76  77  79  80  81  82  83  84  85  86  88  89  90  91
  92  93  94  95  96  98 101 102 103 104 105 106 107 108 109 110 111 112
 113 114 115 116 117 118 119 120 122 124 125 126 127 129 131 132 134 135
 137 138 139 140 141 142 143]","[ 0  1  2  3  4  5  7  8  9 10 12 13 14 15 16 17 18 19 20 21 22 23 24 25
 29 30 31 32 34 35 36 37 38 39 40 43 44 45 46 48 49 50 51 53 55 56 57 67
 68 69 70 71 73 74 75 76 78]"
197,0.2575,"[  1   2   3   4   6   7   8  10  12  13  14  15  17  18  19  20  21  22
  23  25  27  28  29  30  32  34  36  37  38  39  42  43  44  45  46  47
  49  50  51  52  53  54  56  57  58  59  60  61  62  64  65  66  67  69
  70  74  75  76  77  79  80  81  82  83  84  85  86  88  89  90  91  92
  93  94  95  96  98  99 101 102 103 104 105 106 107 108 109 110 112 113
 114 115 116 117 118 119 120 122 123 124 125 126 127 129 131 132 134 135
 137 138 139 140 141 142 143]","[ 0  1  2  3  4  5  7  8  9 10 12 13 14 15 16 17 18 19 20 21 22 23 24 25
 29 30 31 32 33 34 35 36 37 38 39 40 43 44 45 46 48 49 50 51 55 56 57 67
 68 69 70 71 73 74 75 76 78]"
198,0.15850000000000003,"[  1   2   3   4   6   7   8   9  10  12  13  14  15  18  19  20  21  22
  23  25  26  27  28  29  30  32  34  36  37  38  39  42  43  44  45  46
  47  48  49  50  51  52  53  54  56  57  58  59  60  61  62  65  66  68
  69  70  71  74  75  76  77  79  80  81  82  83  84  85  86  88  89  90
  91  92  93  94  95  96  98 101 102 103 104 105 106 107 108 109 110 111
 112 113 114 115 116 117 119 120 122 124 125 126 127 129 131 132 134 135
 137 138 139 140 141 142 143]","[ 0  1  2  3  4  5  7  8  9 10 12 13 14 15 16 17 18 19 20 21 22 23 24 25
 29 30 31 32 34 36 37 38 39 40 43 44 45 46 48 50 51 53 55 56 57 67 68 69
 70 71 72 73 74 75 76 78]"
199,0.01,"[  1   2   3   4   5   6   7   8  10  11  12  13  14  15  18  19  20  21
  23  24  25  27  28  29  30  32  34  36  38  39  40  41  42  43  44  45
  46  47  49  52  53  54  56  57  58  59  60  61  62  63  65  66  69  71
  74  75  76  77  78  79  80  81  82  84  85  86  88  89  90  91  92  93
  94  95  96  97  98  99 101 102 103 104 105 106 107 108 109 110 111 112
 113 115 116 117 119 121 122 123 124 125 126 127 129 131 132 133 134 135
 137 138 139 140 141 142 143]","[ 0  1  2  3  4  5  7  8  9 10 12 13 14 15 16 17 18 19 20 22 23 24 25 26
 29 30 31 32 36 37 38 39 43 44 45 46 48 49 50 51 54 55 56 57 67 68 69 70
 71 72 73 74 75 76 78]"
200,0.2575,"[  1   2   3   4   6   7   8  10  12  13  14  15  18  19  20  21  22  23
  25  27  28  29  30  31  32  34  36  37  38  39  42  43  44  45  46  47
  49  50  51  52  53  54  56  57  58  59  60  61  62  65  66  69  70  71
  74  75  76  77  78  79  80  81  82  83  84  85  86  88  89  90  91  92
  93  94  95  96  98  99 101 102 103 104 105 106 107 108 109 110 111 112
 113 114 115 116 117 119 120 122 123 124 125 126 127 129 131 132 134 135
 137 138 139 140 141 142 143]","[ 0  1  2  3  4  5  7  8  9 10 12 13 14 15 16 17 18 19 20 21 22 23 24 25
 29 30 31 32 35 36 37 38 39 40 43 44 45 46 48 49 50 51 55 56 57 67 68 69
 70 71 72 73 74 75 78]"
201,0.01,"[  1   2   3   4   6   7   8   9  10  12  13  14  15  18  19  20  21  22
  23  25  27  28  29  30  31  32  34  36  37  38  39  42  43  44  45  46
  47  49  50  51  52  53  54  55  56  57  58  59  60  61  62  65  66  69
  70  71  74  75  76  77  78  79  80  81  82  83  84  85  86  88  89  90
  91  92  93  94  95  96  98 101 102 103 104 105 106 107 108 109 110 111
 112 113 114 115 116 117 119 120 122 124 125 126 127 129 131 132 134 135
 137 138 139 140 141 142 143]","[ 0  1  2  3  4  5  7  8  9 10 12 13 14 15 16 17 18 19 20 21 22 23 24 25
 29 30 31 32 36 37 39 40 43 44 45 46 48 49 50 51 53 55 56 57 67 68 69 70
 71 72 73 74 75 78]"
202,0.059500000000000004,"[  1   2   3   4   5   7   8  10  11  12  13  14  15  17  18  19  20  21
  22  23  24  25  27  28  29  30  32  34  36  37  38  39  42  43  44  45
  46  47  49  52  53  54  56  57  58  59  60  62  63  64  65  66  67  69
  71  74  75  76  77  79  80  81  82  83  84  85  86  88  89  90  91  92
  93  94  95  96  97  98 101 102 103 104 105 106 107 108 109 110 111 112
 113 115 116 117 118 119 121 122 124 125 126 127 129 131 133 134 135 137
 138 139 140 141 142 143]","[ 0  1  2  3  4  5  7  8  9 10 12 13 14 15 16 17 18 19 20 21 22 23 24 25
 29 30 31 32 34 36 37 38 39 43 44 45 46 48 49 50 51 53 54 55 56 57 59 67
 68 69 70 71 73 74 75 76 78]"
203,0.109,"[  1   2   3   4   5   6   7   8  10  11  12  13  14  15  18  19  20  21
  22  23  24  25  27  28  29  30  32  34  36  37  38  39  41  42  43  44
  45  46  47  49  51  52  53  54  56  57  58  59  60  61  62  63  65  66
  69  74  75  76  77  79  80  81  82  83  84  85  86  88  89  90  91  92
  93  94  95  96  97  98 101 102 103 104 105 106 107 108 109 110 112 113
 115 116 117 119 121 122 124 125 126 127 129 131 132 133 134 135 137 138
 139 140 141 142 143]","[ 0  1  2  3  4  5  7  8  9 10 12 13 14 15 16 17 18 19 20 21 22 23 24 25
 29 30 31 32 33 34 36 37 38 39 43 44 45 46 48 49 50 51 53 54 55 56 57 67
 68 69 70 71 72 73 74 75 76 78]"
204,0.15850000000000003,"[  1   2   3   4   5   7   8   9  10  11  12  13  14  15  18  19  20  21
  22  23  24  25  27  28  29  30  32  34  36  37  38  39  42  43  44  45
  46  47  49  50  52  53  54  56  57  58  59  60  62  63  65  66  69  74
  75  76  77  79  80  81  82  83  84  85  86  88  89  90  91  92  93  94
  95  96  97  98 101 102 103 104 105 106 107 108 109 110 112 113 114 115
 116 117 119 120 121 122 124 125 126 127 129 131 133 134 135 137 138 139
 140 141 142 143 144]","[ 0  1  2  3  4  5  7  8  9 10 12 13 14 15 16 17 18 19 20 21 22 23 24 25
 29 30 31 32 33 34 36 37 38 39 43 44 45 46 48 49 50 51 53 55 56 57 59 67
 68 69 70 71 72 73 74 75 76 78]"
205,0.2575,"[  1   2   3   4   6   7   8  10  12  13  14  15  17  18  19  20  21  22
  23  25  27  28  29  30  32  34  36  37  38  39  42  43  44  45  46  47
  49  50  51  52  53  54  56  57  58  59  60  61  62  64  65  66  67  69
  70  74  75  76  77  79  80  81  82  83  84  85  86  88  89  90  91  92
  93  94  95  96  98 101 102 103 104 105 106 107 108 109 110 112 113 114
 115 116 117 118 119 120 122 124 125 126 127 129 131 132 134 135 137 138
 139 140 141 142 143]","[ 0  1  2  3  4  5  7  8  9 10 12 13 14 15 16 17 18 19 20 21 22 23 24 25
 29 30 31 32 33 34 35 36 37 38 39 40 43 44 45 46 48 49 50 51 53 55 56 57
 67 68 69 70 71 73 74 75 76 78]"
206,0.20800000000000002,"[  1   2   3   4   6   7   8  10  12  13  14  15  18  19  20  21  22  23
  25  27  28  29  30  32  34  36  37  38  39  42  43  44  45  46  47  49
  50  51  52  53  54  56  57  58  59  60  61  62  65  66  69  70  71  74
  75  76  77  79  80  81  82  83  84  85  86  88  89  90  91  92  93  94
  95  96  98  99 101 102 103 104 105 106 107 108 109 110 111 112 113 114
 115 116 117 119 120 122 123 124 125 126 127 129 131 132 134 135 137 138
 139 140 141 142 143]","[ 0  1  2  3  4  5  7  8  9 10 12 13 14 15 16 17 18 19 20 21 22 23 24 25
 29 30 31 32 34 35 36 37 38 39 40 43 44 45 46 48 49 50 51 55 56 57 67 68
 69 70 71 72 73 74 75 76 78]"
207,0.20800000000000002,"[  1   2   3   4   6   7   8   9  10  12  13  14  15  18  19  20  21  22
  23  25  26  27  28  29  30  32  34  36  37  38  39  42  43  44  45  46
  47  48  49  50  51  52  53  54  56  57  58  59  60  61  62  65  66  68
  69  70  74  75  76  77  79  80  81  82  83  84  85  86  88  89  90  91
  92  93  94  95  96  98 101 102 103 104 105 106 107 108 109 110 112 113
 114 115 116 117 119 120 122 124 125 126 127 129 131 132 134 135 137 138
 139 140 141 142 143]","[ 0  1  2  3  4  5  7  8  9 10 12 13 14 15 16 17 18 19 20 21 22 23 24 25
 29 30 31 32 33 34 36 37 38 39 40 43 44 45 46 48 50 51 53 55 56 57 67 68
 69 70 71 72 73 74 75 76 78]"
208,0.109,"[  1   2   3   4   5   7   8  10  11  12  13  14  15  18  19  20  21  22
  23  24  25  27  28  29  30  32  34  36  37  38  39  40  42  43  44  45
  46  47  49  52  53  54  55  56  57  58  59  60  62  63  65  66  69  71
  74  75  76  77  79  80  81  82  83  84  85  86  88  89  90  91  92  93
  94  95  96  97  98 101 102 103 104 105 106 107 108 109 110 111 112 113
 115 116 117 119 121 122 124 125 126 127 129 130 131 133 134 135 137 138
 139 140 141 142 143]","[ 0  1  2  3  4  5  7  8  9 10 12 13 14 15 16 17 18 19 20 22 23 24 25 29
 30 31 32 34 36 37 39 43 44 45 46 48 49 50 51 53 54 55 56 57 59 67 68 69
 70 71 72 73 74 75 76 78]"
209,0.109,"[  1   2   3   4   7   8  10  12  13  14  15  17  18  19  20  21  22  23
  25  27  28  29  30  32  34  35  36  37  38  39  42  43  44  45  46  47
  49  50  52  53  54  55  56  57  58  59  60  62  64  65  66  67  69  71
  74  75  76  77  79  80  81  82  83  84  85  86  88  89  90  91  92  93
  94  95  96  98 101 102 103 104 105 106 107 108 109 110 111 112 113 114
 115 116 117 118 119 120 122 124 125 126 127 129 131 134 135 136 137 138
 139 140 141 142 143]","[ 0  1  2  3  4  5  7  8  9 10 12 13 14 15 16 17 18 19 20 22 23 24 25 29
 30 31 32 34 35 36 37 39 40 43 44 45 46 48 49 50 51 53 55 56 57 59 67 68
 69 70 71 73 74 75 76 78]"
210,0.20800000000000002,"[  1   2   3   4   6   7   8   9  10  12  13  14  15  18  19  20  21  22
  23  25  27  28  29  30  31  32  34  36  37  38  39  42  43  44  45  46
  47  49  50  51  52  53  54  56  57  58  59  60  61  62  65  66  69  70
  74  75  76  77  79  80  81  82  83  84  85  86  88  89  90  91  92  93
  94  95  96  98  99 101 102 103 104 105 106 107 108 109 110 112 113 114
 115 116 117 119 120 122 123 124 125 126 127 129 131 132 134 135 137 138
 139 140 141 142 143]","[ 0  1  2  3  4  5  7  8  9 10 12 13 14 15 16 17 18 19 20 21 22 23 24 25
 29 30 31 32 33 34 36 37 38 39 40 43 44 45 46 48 49 50 51 55 56 57 67 68
 69 70 71 72 73 74 75 78]"
211,0.20800000000000002,"[  1   2   3   4   6   7   8   9  10  12  13  14  15  18  19  20  21  22
  23  25  27  28  29  30  32  34  36  37  38  39  42  43  44  45  46  47
  49  50  51  52  53  54  56  57  58  59  60  61  62  65  66  69  70  74
  75  76  77  78  79  80  81  82  83  84  85  86  88  89  90  91  92  93
  94  95  96  98  99 101 102 103 104 105 106 107 108 109 110 112 113 114
 115 116 117 119 120 122 123 124 125 126 127 129 131 132 134 135 137 138
 139 140 141 142 143]","[ 0  1  2  3  4  5  7  8  9 10 12 13 14 15 16 17 18 19 20 21 22 23 24 25
 29 30 31 32 33 36 37 38 39 40 43 44 45 46 48 49 50 51 55 56 57 67 68 69
 70 71 72 73 74 75 76 78]"
212,0.2575,"[  1   2   3   4   6   7   8  10  12  13  14  15  18  19  20  21  22  23
  25  27  28  29  30  31  32  34  36  37  38  39  42  43  44  45  46  47
  49  50  51  52  53  54  56  57  58  59  60  61  62  65  66  69  70  74
  75  76  77  78  79  80  81  82  83  84  85  86  88  89  90  91  92  93
  94  95  96  98  99 101 102 103 104 105 106 107 108 109 110 112 113 114
 115 116 117 119 120 122 123 124 125 126 127 129 131 132 134 135 137 138
 139 140 141 142 143]","[ 0  1  2  3  4  5  7  8  9 10 12 13 14 15 16 17 18 19 20 21 22 23 24 25
 29 30 31 32 33 35 36 37 38 39 40 43 44 45 46 48 49 50 51 55 56 57 67 68
 69 70 71 72 73 74 75 78]"
213,0.109,"[  1   2   3   4   5   7   8  10  11  12  13  14  15  17  18  19  20  21
  22  23  24  25  27  28  29  30  32  34  36  37  38  39  42  43  44  45
  46  47  49  52  53  54  56  57  58  59  60  62  63  64  65  66  67  69
  74  75  76  77  79  80  81  82  83  84  85  86  88  89  90  91  92  93
  94  95  96  97  98 101 102 103 104 105 106 107 108 109 110 112 113 115
 116 117 118 119 121 122 124 125 126 127 129 131 133 134 135 137 138 139
 140 141 142 143]","[ 0  1  2  3  4  5  7  8  9 10 12 13 14 15 16 17 18 19 20 21 22 23 24 25
 29 30 31 32 33 34 36 37 38 39 43 44 45 46 48 49 50 51 53 54 55 56 57 59
 67 68 69 70 71 73 74 75 76 78]"
214,0.15850000000000003,"[  1   2   3   4   6   7   8  10  12  13  14  15  18  19  20  21  22  23
  25  26  27  28  29  30  32  34  36  37  38  39  42  43  44  45  46  47
  48  49  50  51  52  53  54  56  57  58  59  60  61  62  65  66  68  69
  70  74  75  76  77  79  80  81  82  83  84  85  86  88  89  90  91  92
  93  94  95  96  98 101 102 103 104 105 106 107 108 109 110 112 113 114
 115 116 117 119 120 122 124 125 126 127 129 131 132 134 135 137 138 139
 140 141 142 143]","[ 0  1  2  3  4  5  7  8  9 10 12 13 14 15 16 17 18 19 20 21 22 23 24 25
 29 30 31 32 33 34 35 36 37 38 39 40 43 44 45 46 48 50 51 53 55 56 57 67
 68 69 70 71 72 73 74 75 76 78]"
215,0.15850000000000003,"[  1   2   3   4   6   7   8   9  10  12  13  14  15  18  19  20  21  22
  23  25  27  28  29  30  32  34  36  37  38  39  42  43  44  45  46  47
  49  50  51  52  53  54  56  57  58  59  60  61  62  65  66  69  70  74
  75  76  77  79  80  81  82  83  84  85  86  88  89  90  91  92  93  94
  95  96  98  99 101 102 103 104 105 106 107 108 109 110 112 113 114 115
 116 117 119 120 122 123 124 125 126 127 129 131 132 134 135 137 138 139
 140 141 142 143]","[ 0  1  2  3  4  5  7  8  9 10 12 13 14 15 16 17 18 19 20 21 22 23 24 25
 29 30 31 32 33 34 36 37 38 39 40 43 44 45 46 48 49 50 51 55 56 57 67 68
 69 70 71 72 73 74 75 76 78]"
216,0.2575,"[  1   2   3   4   6   7   8  10  12  13  14  15  18  19  20  21  22  23
  25  27  28  29  30  32  34  36  37  38  39  42  43  44  45  46  47  49
  50  51  52  53  54  56  57  58  59  60  61  62  65  66  69  70  74  75
  76  77  78  79  80  81  82  83  84  85  86  88  89  90  91  92  93  94
  95  96  98  99 101 102 103 104 105 106 107 108 109 110 112 113 114 115
 116 117 119 120 122 123 124 125 126 127 129 131 132 134 135 137 138 139
 140 141 142 143]","[ 0  1  2  3  4  5  7  8  9 10 12 13 14 15 16 17 18 19 20 21 22 23 24 25
 29 30 31 32 33 35 36 37 38 39 40 43 44 45 46 48 49 50 51 55 56 57 67 68
 69 70 71 72 73 74 75 76 78]"
217,0.15850000000000003,"[  1   2   3   4   6   7   8   9  10  12  13  14  15  18  19  20  21  22
  23  25  27  28  29  30  31  32  34  36  37  38  39  42  43  44  45  46
  47  49  50  51  52  53  54  56  57  58  59  60  61  62  65  66  69  70
  74  75  76  77  78  79  80  81  82  83  84  85  86  88  89  90  91  92
  93  94  95  96  98 101 102 103 104 105 106 107 108 109 110 112 113 114
 115 116 117 119 120 122 124 125 126 127 129 131 132 134 135 137 138 139
 140 141 142 143]","[ 0  1  2  3  4  5  7  8  9 10 12 13 14 15 16 17 18 19 20 21 22 23 24 25
 29 30 31 32 33 36 37 38 39 40 43 44 45 46 48 49 50 51 53 55 56 57 67 68
 69 70 71 72 73 74 75 78]"
218,0.15850000000000003,"[  1   2   3   4   6   7   8  10  12  13  14  15  17  18  19  20  21  22
  23  25  27  28  29  30  32  34  36  37  38  39  42  43  44  45  46  47
  49  51  52  53  54  56  57  58  59  60  61  62  64  65  66  67  69  71
  74  75  76  77  79  80  81  82  83  84  85  86  88  89  90  91  92  93
  94  95  96  98 101 102 103 104 105 106 107 108 109 110 111 112 113 115
 116 117 118 119 122 124 125 126 127 129 131 132 134 135 137 138 139 140
 141 142 143]","[ 0  1  2  3  4  5  7  8  9 10 12 13 14 15 16 17 18 19 20 21 22 23 24 25
 29 30 31 32 34 35 36 37 38 39 40 43 44 45 46 48 49 50 51 53 54 55 56 57
 67 68 69 70 71 73 74 75 76 78]"
219,0.20800000000000002,"[  1   2   3   4   6   7   8  10  12  13  14  15  18  19  20  21  22  23
  25  27  28  29  30  32  34  36  37  38  39  42  43  44  45  46  47  49
  50  51  52  53  54  56  57  58  59  60  61  62  65  66  69  70  71  74
  75  76  77  79  80  81  82  83  84  85  86  88  89  90  91  92  93  94
  95  96  98 101 102 103 104 105 106 107 108 109 110 111 112 113 114 115
 116 117 119 120 122 124 125 126 127 129 131 132 134 135 137 138 139 140
 141 142 143]","[ 0  1  2  3  4  5  7  8  9 10 12 13 14 15 16 17 18 19 20 21 22 23 24 25
 29 30 31 32 34 35 36 37 38 39 40 43 44 45 46 48 49 50 51 53 55 56 57 67
 68 69 70 71 72 73 74 75 76 78]"
220,0.20800000000000002,"[  1   2   3   4   6   7   8  10  12  13  14  15  18  19  20  21  22  23
  25  27  28  29  30  32  34  36  37  38  39  42  43  44  45  46  47  49
  50  51  52  53  54  56  57  58  59  60  61  62  65  66  69  70  74  75
  76  77  79  80  81  82  83  84  85  86  88  89  90  91  92  93  94  95
  96  98  99 101 102 103 104 105 106 107 108 109 110 112 113 114 115 116
 117 119 120 122 123 124 125 126 127 129 131 132 134 135 137 138 139 140
 141 142 143]","[ 0  1  2  3  4  5  7  8  9 10 12 13 14 15 16 17 18 19 20 21 22 23 24 25
 29 30 31 32 33 34 35 36 37 38 39 40 43 44 45 46 48 49 50 51 55 56 57 67
 68 69 70 71 72 73 74 75 76 78]"
221,0.059500000000000004,"[  1   2   3   4   7   8   9  10  12  13  14  15  17  18  19  20  21  22
  23  25  27  28  29  30  32  34  36  37  38  39  42  43  44  45  46  47
  49  50  52  53  54  56  57  58  59  60  62  64  65  66  67  69  71  74
  75  76  77  79  80  81  82  83  84  85  86  88  89  90  91  92  93  94
  95  96  98 101 102 103 104 105 106 107 108 109 110 111 112 113 114 115
 116 117 118 119 120 122 124 125 126 127 129 131 134 135 137 138 139 140
 141 142 143]","[ 0  1  2  3  4  5  7  8  9 10 12 13 14 15 16 17 18 19 20 21 22 23 24 25
 29 30 31 32 34 36 37 38 39 40 43 44 45 46 48 49 50 51 53 55 56 57 59 67
 68 69 70 71 73 74 75 76 78]"
222,0.059500000000000004,"[  1   2   3   4   7   8  10  12  13  14  15  17  18  19  20  21  22  23
  25  27  28  29  30  32  34  35  36  37  38  39  42  43  44  45  46  47
  49  50  52  53  54  56  57  58  59  60  62  64  65  66  67  69  71  74
  75  76  77  79  80  81  82  83  84  85  86  88  89  90  91  92  93  94
  95  96  98 101 102 103 104 105 106 107 108 109 110 111 112 113 114 115
 116 117 118 119 120 122 124 125 126 127 129 131 134 135 137 138 139 140
 141 142 143]","[ 0  1  2  3  4  5  7  8  9 10 12 13 14 15 16 17 18 19 20 22 23 24 25 29
 30 31 32 34 35 36 37 38 39 40 43 44 45 46 48 49 50 51 53 55 56 57 59 67
 68 69 70 71 73 74 75 76 78]"
223,0.109,"[  1   2   3   4   5   7   8  10  11  12  13  14  15  18  19  20  21  22
  23  24  25  27  28  29  30  32  34  36  37  38  39  42  43  44  45  46
  47  49  52  53  54  56  57  58  59  60  62  63  65  66  69  74  75  76
  77  78  79  80  81  82  83  84  85  86  88  89  90  91  92  93  94  95
  96  97  98  99 101 102 103 104 105 106 107 108 109 110 112 113 115 116
 117 119 121 122 123 124 125 126 127 129 131 133 134 135 137 138 139 140
 141 142 143]","[ 0  1  2  3  4  5  7  8  9 10 12 13 14 15 16 17 18 19 20 21 22 23 24 25
 29 30 31 32 33 36 37 38 39 43 44 45 46 48 49 50 51 54 55 56 57 59 67 68
 69 70 71 72 73 74 75 76 78]"
224,0.15850000000000003,"[  1   2   3   4   6   7   8  10  12  13  14  15  18  19  20  21  22  23
  25  27  28  29  30  31  32  34  36  37  38  39  42  43  44  45  46  47
  49  50  51  52  53  54  56  57  58  59  60  61  62  65  66  69  70  74
  75  76  77  78  79  80  81  82  83  84  85  86  88  89  90  91  92  93
  94  95  96  98 101 102 103 104 105 106 107 108 109 110 112 113 114 115
 116 117 119 120 122 124 125 126 127 129 131 132 134 135 137 138 139 140
 141 142 143]","[ 0  1  2  3  4  5  7  8  9 10 12 13 14 15 16 17 18 19 20 21 22 23 24 25
 29 30 31 32 33 35 36 37 38 39 40 43 44 45 46 48 49 50 51 53 55 56 57 67
 68 69 70 71 72 73 74 75 78]"
225,0.20800000000000002,"[  1   2   3   4   6   7   8   9  10  12  13  14  15  18  19  20  21  22
  23  25  27  28  29  30  32  34  36  37  38  39  42  43  44  45  46  47
  49  50  51  52  53  54  56  57  58  59  60  61  62  65  66  69  70  74
  75  76  77  78  79  80  81  82  83  84  85  86  88  89  90  91  92  93
  94  95  96  98 101 102 103 104 105 106 107 108 109 110 112 113 114 115
 116 117 119 120 122 124 125 126 127 129 131 132 134 135 137 138 139 140
 141 142 143]","[ 0  1  2  3  4  5  7  8  9 10 12 13 14 15 16 17 18 19 20 21 22 23 24 25
 29 30 31 32 33 36 37 38 39 40 43 44 45 46 48 49 50 51 53 55 56 57 67 68
 69 70 71 72 73 74 75 76 78]"
226,0.20800000000000002,"[  1   2   3   4   6   7   8   9  10  12  13  14  15  18  19  20  21  22
  23  25  27  28  29  30  31  32  34  36  37  38  39  42  43  44  45  46
  47  49  50  51  52  53  54  56  57  58  59  60  61  62  65  66  69  70
  74  75  76  77  79  80  81  82  83  84  85  86  88  89  90  91  92  93
  94  95  96  98 101 102 103 104 105 106 107 108 109 110 112 113 114 115
 116 117 119 120 122 124 125 126 127 129 131 132 134 135 137 138 139 140
 141 142 143]","[ 0  1  2  3  4  5  7  8  9 10 12 13 14 15 16 17 18 19 20 21 22 23 24 25
 29 30 31 32 33 34 36 37 38 39 40 43 44 45 46 48 49 50 51 53 55 56 57 67
 68 69 70 71 72 73 74 75 78]"
227,0.2575,"[  1   2   3   4   6   7   8  10  12  13  14  15  18  19  20  21  22  23
  25  27  28  29  30  31  32  34  36  37  38  39  42  43  44  45  46  47
  49  51  52  53  54  56  57  58  59  60  61  62  65  66  69  71  74  75
  76  77  78  79  80  81  82  83  84  85  86  88  89  90  91  92  93  94
  95  96  98  99 101 102 103 104 105 106 107 108 109 110 111 112 113 115
 116 117 119 122 123 124 125 126 127 129 131 132 134 135 137 138 139 140
 141 142 143]","[ 0  1  2  3  4  5  7  8  9 10 12 13 14 15 16 17 18 19 20 21 22 23 24 25
 29 30 31 32 35 36 37 38 39 40 43 44 45 46 48 49 50 51 54 55 56 57 67 68
 69 70 71 72 73 74 75 78]"
228,0.059500000000000004,"[  1   2   3   4   5   7   8   9  10  11  12  13  14  15  18  19  20  21
  23  24  25  27  28  29  30  32  34  36  38  39  42  43  44  45  46  47
  49  52  53  54  56  57  58  59  60  62  63  65  66  69  71  74  75  76
  77  79  80  81  82  84  85  86  88  89  90  91  92  93  94  95  96  97
  98 101 102 103 104 105 106 107 108 109 110 111 112 113 114 115 116 117
 119 121 122 124 125 126 127 129 131 133 134 135 137 138 139 140 141 142
 143 144]","[ 0  1  2  3  4  5  7  8  9 10 12 13 14 15 16 17 18 19 20 21 22 23 24 25
 26 29 30 31 32 34 36 37 38 39 43 44 45 46 48 49 50 51 53 55 56 57 59 67
 68 69 70 71 72 73 74 75 76 78]"
229,0.109,"[  1   2   3   4   5   7   8  10  11  12  13  14  15  18  19  20  21  22
  23  24  25  27  28  29  30  32  34  36  37  38  39  42  43  44  45  46
  47  49  52  53  54  56  57  58  59  60  62  63  65  66  69  74  75  76
  77  79  80  81  82  83  84  85  86  88  89  90  91  92  93  94  95  96
  97  98  99 101 102 103 104 105 106 107 108 109 110 112 113 115 116 117
 119 121 122 123 124 125 126 127 129 131 133 134 135 137 138 139 140 141
 142 143]","[ 0  1  2  3  4  5  7  8  9 10 12 13 14 15 16 17 18 19 20 21 22 23 24 25
 29 30 31 32 33 34 36 37 38 39 43 44 45 46 48 49 50 51 54 55 56 57 59 67
 68 69 70 71 72 73 74 75 76 78]"
230,0.15850000000000003,"[  1   2   3   4   6   7   8  10  12  13  14  15  18  19  20  21  22  23
  25  27  28  29  30  31  32  34  36  37  38  39  42  43  44  45  46  47
  49  50  51  52  53  54  56  57  58  59  60  61  62  65  66  69  70  74
  75  76  77  79  80  81  82  83  84  85  86  88  89  90  91  92  93  94
  95  96  98 101 102 103 104 105 106 107 108 109 110 112 113 114 115 116
 117 119 120 122 124 125 126 127 129 131 132 134 135 137 138 139 140 141
 142 143]","[ 0  1  2  3  4  5  7  8  9 10 12 13 14 15 16 17 18 19 20 21 22 23 24 25
 29 30 31 32 33 34 35 36 37 38 39 40 43 44 45 46 48 49 50 51 53 55 56 57
 67 68 69 70 71 72 73 74 75 78]"
231,0.20800000000000002,"[  1   2   3   4   6   7   8   9  10  12  13  14  15  18  19  20  21  22
  23  25  27  28  29  30  32  34  36  37  38  39  42  43  44  45  46  47
  49  50  51  52  53  54  56  57  58  59  60  61  62  65  66  69  70  74
  75  76  77  79  80  81  82  83  84  85  86  88  89  90  91  92  93  94
  95  96  98 101 102 103 104 105 106 107 108 109 110 112 113 114 115 116
 117 119 120 122 124 125 126 127 129 131 132 134 135 137 138 139 140 141
 142 143]","[ 0  1  2  3  4  5  7  8  9 10 12 13 14 15 16 17 18 19 20 21 22 23 24 25
 29 30 31 32 33 34 36 37 38 39 40 43 44 45 46 48 49 50 51 53 55 56 57 67
 68 69 70 71 72 73 74 75 76 78]"
232,0.20800000000000002,"[  1   2   3   4   6   7   8  10  12  13  14  15  18  19  20  21  22  23
  25  27  28  29  30  32  34  36  37  38  39  42  43  44  45  46  47  49
  50  51  52  53  54  56  57  58  59  60  61  62  65  66  69  70  74  75
  76  77  79  80  81  82  83  84  85  86  88  89  90  91  92  93  94  95
  96  98 101 102 103 104 105 106 107 108 109 110 112 113 114 115 116 117
 119 120 122 124 125 126 127 129 131 132 134 135 137 138 139 140 141 142
 143]","[ 0  1  2  3  4  5  7  8  9 10 12 13 14 15 16 17 18 19 20 21 22 23 24 25
 29 30 31 32 33 34 35 36 37 38 39 40 43 44 45 46 48 49 50 51 53 55 56 57
 67 68 69 70 71 72 73 74 75 76 78]"
233,0.109,"[  1   2   3   4   7   8   9  10  12  13  14  15  17  18  19  20  21  22
  23  25  27  28  29  30  32  34  36  37  38  39  42  43  44  45  46  47
  49  50  52  53  54  56  57  58  59  60  62  64  65  66  67  69  74  75
  76  77  79  80  81  82  83  84  85  86  88  89  90  91  92  93  94  95
  96  98 101 102 103 104 105 106 107 108 109 110 112 113 114 115 116 117
 118 119 120 122 124 125 126 127 129 131 134 135 137 138 139 140 141 142
 143]","[ 0  1  2  3  4  5  7  8  9 10 12 13 14 15 16 17 18 19 20 21 22 23 24 25
 29 30 31 32 33 34 36 37 38 39 40 43 44 45 46 48 49 50 51 53 55 56 57 59
 67 68 69 70 71 73 74 75 76 78]"
234,0.15850000000000003,"[  1   2   3   4   7   8  10  12  13  14  15  18  19  20  21  22  23  25
  26  27  28  29  30  32  34  36  37  38  39  42  43  44  45  46  47  48
  49  50  52  53  54  56  57  58  59  60  62  65  66  68  69  71  74  75
  76  77  79  80  81  82  83  84  85  86  88  89  90  91  92  93  94  95
  96  98 101 102 103 104 105 106 107 108 109 110 111 112 113 114 115 116
 117 119 120 122 124 125 126 127 129 131 134 135 137 138 139 140 141 142
 143]","[ 0  1  2  3  4  5  7  8  9 10 12 13 14 15 16 17 18 19 20 21 22 23 24 25
 29 30 31 32 34 35 36 37 38 39 40 43 44 45 46 48 50 51 53 55 56 57 59 67
 68 69 70 71 72 73 74 75 76 78]"
235,0.15850000000000003,"[  1   2   3   4   6   7   8  10  12  13  14  15  18  19  20  21  22  23
  25  27  28  29  30  32  34  36  37  38  39  42  43  44  45  46  47  49
  51  52  53  54  56  57  58  59  60  61  62  65  66  69  71  74  75  76
  77  79  80  81  82  83  84  85  86  88  89  90  91  92  93  94  95  96
  98  99 101 102 103 104 105 106 107 108 109 110 111 112 113 115 116 117
 119 122 123 124 125 126 127 129 131 132 134 135 137 138 139 140 141 142
 143]","[ 0  1  2  3  4  5  7  8  9 10 12 13 14 15 16 17 18 19 20 21 22 23 24 25
 29 30 31 32 34 35 36 37 38 39 40 43 44 45 46 48 49 50 51 54 55 56 57 67
 68 69 70 71 72 73 74 75 76 78]"
236,0.109,"[  1   2   3   4   5   7   8  10  11  12  13  14  15  18  19  20  21  22
  23  24  25  27  28  29  30  32  34  36  37  38  39  42  43  44  45  46
  47  49  52  53  54  56  57  58  59  60  62  63  65  66  69  74  75  76
  77  79  80  81  82  83  84  85  86  88  89  90  91  92  93  94  95  96
  97  98 101 102 103 104 105 106 107 108 109 110 112 113 115 116 117 119
 121 122 124 125 126 127 129 131 133 134 135 137 138 139 140 141 142 143]","[ 0  1  2  3  4  5  7  8  9 10 12 13 14 15 16 17 18 19 20 21 22 23 24 25
 29 30 31 32 33 34 36 37 38 39 43 44 45 46 48 49 50 51 53 54 55 56 57 59
 67 68 69 70 71 72 73 74 75 76 78]"
237,0.15850000000000003,"[  1   2   3   4   5   7   8   9  10  11  12  13  14  15  18  19  20  21
  23  24  25  27  28  29  30  32  34  36  38  39  42  43  44  45  46  47
  49  52  53  54  56  57  58  59  60  62  63  65  66  69  74  75  76  77
  79  80  81  82  84  85  86  88  89  90  91  92  93  94  95  96  97  98
 101 102 103 104 105 106 107 108 109 110 112 113 114 115 116 117 119 121
 122 124 125 126 127 129 131 133 134 135 137 138 139 140 141 142 143 144]","[ 0  1  2  3  4  5  7  8  9 10 12 13 14 15 16 17 18 19 20 21 22 23 24 25
 26 29 30 31 32 33 34 36 37 38 39 43 44 45 46 48 49 50 51 53 55 56 57 59
 67 68 69 70 71 72 73 74 75 76 78]"
238,0.109,"[  1   2   3   4   7   8   9  10  12  13  14  15  18  19  20  21  22  23
  25  26  27  28  29  30  32  34  36  37  38  39  42  43  44  45  46  47
  48  49  50  52  53  54  56  57  58  59  60  62  65  66  68  69  74  75
  76  77  79  80  81  82  83  84  85  86  88  89  90  91  92  93  94  95
  96  98 101 102 103 104 105 106 107 108 109 110 112 113 114 115 116 117
 119 120 122 124 125 126 127 129 131 134 135 137 138 139 140 141 142 143]","[ 0  1  2  3  4  5  7  8  9 10 12 13 14 15 16 17 18 19 20 21 22 23 24 25
 29 30 31 32 33 34 36 37 38 39 40 43 44 45 46 48 50 51 53 55 56 57 59 67
 68 69 70 71 72 73 74 75 76 78]"
239,0.109,"[  1   2   3   4   6   7   8  10  12  13  14  15  18  19  20  21  22  23
  25  27  28  29  30  31  32  34  36  37  38  39  42  43  44  45  46  47
  49  51  52  53  54  56  57  58  59  60  61  62  65  66  69  74  75  76
  77  79  80  81  82  83  84  85  86  88  89  90  91  92  93  94  95  96
  98  99 101 102 103 104 105 106 107 108 109 110 112 113 115 116 117 119
 122 123 124 125 126 127 129 131 132 134 135 137 138 139 140 141 142 143]","[ 0  1  2  3  4  5  7  8  9 10 12 13 14 15 16 17 18 19 20 21 22 23 24 25
 29 30 31 32 33 34 35 36 37 38 39 40 43 44 45 46 48 49 50 51 54 55 56 57
 67 68 69 70 71 72 73 74 75 78]"
240,0.15850000000000003,"[  1   2   3   4   5   6   8   9  10  11  12  13  14  15  18  19  20  21
  23  24  25  26  27  28  29  30  32  34  36  38  39  41  42  43  44  45
  46  47  48  49  52  53  54  56  57  58  59  60  61  62  65  66  69  70
  74  75  76  77  79  80  81  82  84  85  86  89  90  91  92  93  94  95
  96  97  98 101 102 103 105 107 108 109 112 113 114 115 116 117 119 121
 122 124 125 126 127 129 131 132 133 134 135 137 139 140 141 142 143 144]","[ 0  1  2  3  4  5  7  8  9 10 12 13 14 15 16 17 18 19 20 21 22 23 24 25
 26 29 30 31 32 33 34 36 37 38 39 43 44 45 46 47 48 50 51 53 55 56 57 67
 68 69 70 71 72 73 74 75 76 78]"
241,0.15850000000000003,"[  1   2   3   4   6   7   8  10  12  13  14  15  18  19  20  21  22  23
  25  27  28  29  30  31  32  34  36  37  38  39  42  43  44  45  46  47
  49  51  52  53  54  56  57  58  59  60  61  62  65  66  69  74  75  76
  77  78  79  80  81  82  83  84  85  86  88  89  90  91  92  93  94  95
  96  98 101 102 103 104 105 106 107 108 109 110 112 113 115 116 117 119
 122 124 125 126 127 129 131 132 134 135 137 138 139 140 141 142 143]","[ 0  1  2  3  4  5  7  8  9 10 12 13 14 15 16 17 18 19 20 21 22 23 24 25
 29 30 31 32 33 35 36 37 38 39 40 43 44 45 46 48 49 50 51 53 54 55 56 57
 67 68 69 70 71 72 73 74 75 78]"
242,0.20800000000000002,"[  1   2   3   4   7   8   9  10  12  13  14  15  18  19  20  21  22  23
  25  27  28  29  30  32  34  36  37  38  39  42  43  44  45  46  47  49
  50  52  53  54  56  57  58  59  60  62  65  66  69  71  74  75  76  77
  79  80  81  82  83  84  85  86  88  89  90  91  92  93  94  95  96  98
 101 102 103 104 105 106 107 108 109 110 111 112 113 114 115 116 117 119
 120 122 124 125 126 127 129 131 134 135 137 138 139 140 141 142 143]","[ 0  1  2  3  4  5  7  8  9 10 12 13 14 15 16 17 18 19 20 21 22 23 24 25
 29 30 31 32 34 36 37 38 39 40 43 44 45 46 48 49 50 51 53 55 56 57 59 67
 68 69 70 71 72 73 74 75 76 78]"
243,0.15850000000000003,"[  1   2   3   4   6   7   8  10  12  13  14  15  18  19  20  21  23  25
  26  27  28  29  30  32  34  36  38  39  42  43  44  45  46  47  48  49
  52  53  54  56  57  58  59  60  61  62  65  66  68  69  70  74  75  76
  77  79  80  81  82  84  85  86  88  89  90  91  92  93  94  95  96  98
 101 102 103 104 105 106 107 108 109 110 112 113 114 115 116 117 119 122
 124 125 126 127 129 131 132 134 135 137 138 139 140 141 142 143]","[ 0  1  2  3  4  5  7  8  9 10 12 13 14 15 16 17 18 19 20 21 22 23 24 25
 26 29 30 31 32 33 34 35 36 37 38 39 40 43 44 45 46 48 50 51 53 55 56 57
 67 68 69 70 71 72 73 74 75 76 78]"
244,0.15850000000000003,"[  1   2   3   4   6   7   8  10  12  13  14  15  18  19  20  21  22  23
  25  27  28  29  30  32  34  36  37  38  39  42  43  44  45  46  47  49
  51  52  53  54  56  57  58  59  60  61  62  65  66  69  74  75  76  77
  78  79  80  81  82  83  84  85  86  88  89  90  91  92  93  94  95  96
  98 101 102 103 104 105 106 107 108 109 110 112 113 115 116 117 119 122
 124 125 126 127 129 131 132 134 135 137 138 139 140 141 142 143]","[ 0  1  2  3  4  5  7  8  9 10 12 13 14 15 16 17 18 19 20 21 22 23 24 25
 29 30 31 32 33 35 36 37 38 39 40 43 44 45 46 48 49 50 51 53 54 55 56 57
 67 68 69 70 71 72 73 74 75 76 78]"
245,0.01,"[  1   2   3   4   6   7   8  10  12  13  14  15  18  19  20  21  23  25
  27  28  29  30  32  34  36  38  39  42  43  44  45  46  47  49  52  53
  54  56  57  58  59  60  61  62  65  66  69  71  74  75  76  77  78  79
  80  81  82  84  85  86  88  89  90  91  92  93  94  95  96  98  99 101
 102 103 104 105 106 107 108 109 110 111 112 113 115 116 117 119 122 123
 124 125 126 127 129 131 132 134 135 137 138 139 140 141 142 143]","[ 0  1  2  3  4  5  7  8  9 10 12 13 14 15 16 17 18 19 20 21 22 23 24 25
 26 29 30 31 32 35 36 37 38 39 40 43 44 45 46 48 49 50 51 54 55 56 57 67
 68 69 70 71 72 73 74 75 76 78]"
246,0.15850000000000003,"[  1   2   3   4   7   8  10  12  13  14  15  18  19  20  21  22  23  25
  27  28  29  30  31  32  34  36  37  38  39  42  43  44  45  46  47  49
  50  52  53  54  56  57  58  59  60  62  65  66  69  74  75  76  77  78
  79  80  81  82  83  84  85  86  88  89  90  91  92  93  94  95  96  98
 101 102 103 104 105 106 107 108 109 110 112 113 114 115 116 117 119 120
 122 124 125 126 127 129 131 134 135 137 138 139 140 141 142 143]","[ 0  1  2  3  4  5  7  8  9 10 12 13 14 15 16 17 18 19 20 21 22 23 24 25
 29 30 31 32 33 35 36 37 38 39 40 43 44 45 46 48 49 50 51 53 55 56 57 59
 67 68 69 70 71 72 73 74 75 78]"
247,0.109,"[  1   2   3   4   6   7   8  10  12  13  14  15  18  19  20  21  22  23
  25  27  28  29  30  32  34  36  37  38  39  42  43  44  45  46  47  49
  51  52  53  54  56  57  58  59  60  61  62  65  66  69  74  75  76  77
  79  80  81  82  83  84  85  86  88  89  90  91  92  93  94  95  96  98
 101 102 103 104 105 106 107 108 109 110 112 113 115 116 117 119 122 124
 125 126 127 129 131 132 134 135 137 138 139 140 141 142 143]","[ 0  1  2  3  4  5  7  8  9 10 12 13 14 15 16 17 18 19 20 21 22 23 24 25
 29 30 31 32 33 34 35 36 37 38 39 40 43 44 45 46 48 49 50 51 53 54 55 56
 57 67 68 69 70 71 72 73 74 75 76 78]"
248,0.15850000000000003,"[  1   2   3   4   7   8  10  12  13  14  15  18  19  20  21  22  23  25
  27  28  29  30  32  34  36  37  38  39  42  43  44  45  46  47  49  50
  52  53  54  56  57  58  59  60  62  65  66  69  74  75  76  77  78  79
  80  81  82  83  84  85  86  88  89  90  91  92  93  94  95  96  98 101
 102 103 104 105 106 107 108 109 110 112 113 114 115 116 117 119 120 122
 124 125 126 127 129 131 134 135 137 138 139 140 141 142 143]","[ 0  1  2  3  4  5  7  8  9 10 12 13 14 15 16 17 18 19 20 21 22 23 24 25
 29 30 31 32 33 35 36 37 38 39 40 43 44 45 46 48 49 50 51 53 55 56 57 59
 67 68 69 70 71 72 73 74 75 76 78]"
249,0.15850000000000003,"[  1   2   3   4   7   8  10  12  13  14  15  18  19  20  21  22  23  25
  27  28  29  30  31  32  34  36  37  38  39  42  43  44  45  46  47  49
  50  52  53  54  56  57  58  59  60  62  65  66  69  74  75  76  77  79
  80  81  82  83  84  85  86  88  89  90  91  92  93  94  95  96  98 101
 102 103 104 105 106 107 108 109 110 112 113 114 115 116 117 119 120 122
 124 125 126 127 129 131 134 135 137 138 139 140 141 142 143]","[ 0  1  2  3  4  5  7  8  9 10 12 13 14 15 16 17 18 19 20 21 22 23 24 25
 29 30 31 32 33 34 35 36 37 38 39 40 43 44 45 46 48 49 50 51 53 55 56 57
 59 67 68 69 70 71 72 73 74 75 78]"
250,0.20800000000000002,"[  1   2   3   4   7   8   9  10  12  13  14  15  18  19  20  21  22  23
  25  27  28  29  30  32  34  36  37  38  39  42  43  44  45  46  47  49
  50  52  53  54  56  57  58  59  60  62  65  66  69  74  75  76  77  79
  80  81  82  83  84  85  86  88  89  90  91  92  93  94  95  96  98 101
 102 103 104 105 106 107 108 109 110 112 113 114 115 116 117 119 120 122
 124 125 126 127 129 131 134 135 137 138 139 140 141 142 143]","[ 0  1  2  3  4  5  7  8  9 10 12 13 14 15 16 17 18 19 20 21 22 23 24 25
 29 30 31 32 33 34 36 37 38 39 40 43 44 45 46 48 49 50 51 53 55 56 57 59
 67 68 69 70 71 72 73 74 75 76 78]"
251,0.059500000000000004,"[  1   2   3   4   7   8  10  12  13  14  15  18  19  20  21  22  23  25
  27  28  29  30  32  34  36  37  38  39  42  43  44  45  46  47  49  50
  52  53  54  56  57  58  59  60  62  65  66  69  74  75  76  77  79  80
  81  82  83  84  85  86  88  89  90  91  92  93  94  95  96  98 101 102
 103 104 105 106 107 108 109 110 112 113 114 115 116 117 119 120 122 124
 125 126 127 129 131 134 135 137 138 139 140 141 142 143]","[ 0  1  2  3  4  5  7  8  9 10 12 13 14 15 16 17 18 19 20 21 22 23 24 25
 29 30 31 32 33 34 35 36 37 38 39 40 43 44 45 46 48 49 50 51 53 55 56 57
 59 67 68 69 70 71 72 73 74 75 76 78]"
252,0.15850000000000003,"[  1   2   3   4   6   8  10  12  13  14  15  18  19  20  21  22  23  25
  27  28  29  30  31  32  34  36  37  38  39  42  43  44  45  46  47  49
  50  51  52  53  54  56  57  58  59  60  61  62  65  66  69  70  74  75
  76  77  79  80  81  82  83  84  85  86  89  90  91  92  93  94  95  96
  98 101 102 103 105 107 108 109 112 113 114 115 116 117 119 120 122 124
 125 126 127 129 131 132 134 135 137 139 140 141 142 143]","[ 0  1  2  3  4  5  7  8  9 10 12 13 14 15 16 17 18 19 20 21 22 23 24 25
 29 30 31 32 33 34 35 36 37 38 39 40 43 44 45 46 47 48 49 50 51 53 55 56
 57 67 68 69 70 71 72 73 74 75 78]"
253,0.109,"[  1   2   3   4   7   8  10  12  13  14  15  18  19  20  21  22  23  25
  27  28  29  30  32  34  36  37  38  39  42  43  44  45  46  47  49  52
  53  54  56  57  58  59  60  62  65  66  69  71  74  75  76  77  79  80
  81  82  83  84  85  86  88  89  90  91  92  93  94  95  96  98 101 102
 103 104 105 106 107 108 109 110 111 112 113 115 116 117 119 122 124 125
 126 127 129 131 134 135 137 138 139 140 141 142 143]","[ 0  1  2  3  4  5  7  8  9 10 12 13 14 15 16 17 18 19 20 21 22 23 24 25
 29 30 31 32 34 35 36 37 38 39 40 43 44 45 46 48 49 50 51 53 54 55 56 57
 59 67 68 69 70 71 72 73 74 75 76 78]"
254,0.15850000000000003,"[  1   2   3   4   6   7   8  10  12  13  14  15  18  19  20  21  23  25
  27  28  29  30  32  34  36  38  39  42  43  44  45  46  47  49  52  53
  54  56  57  58  59  60  61  62  65  66  69  70  74  75  76  77  79  80
  81  82  84  85  86  88  89  90  91  92  93  94  95  96  98 101 102 103
 104 105 106 107 108 109 110 112 113 114 115 116 117 119 122 124 125 126
 127 129 131 132 134 135 137 138 139 140 141 142 143]","[ 0  1  2  3  4  5  7  8  9 10 12 13 14 15 16 17 18 19 20 21 22 23 24 25
 26 29 30 31 32 33 34 35 36 37 38 39 40 43 44 45 46 48 49 50 51 53 55 56
 57 67 68 69 70 71 72 73 74 75 76 78]"
255,0.15850000000000003,"[  1   2   3   4   7   8  10  12  13  14  15  18  19  20  21  22  23  25
  27  28  29  30  31  32  34  36  37  38  39  42  43  44  45  46  47  49
  52  53  54  56  57  58  59  60  62  65  66  69  74  75  76  77  78  79
  80  81  82  83  84  85  86  88  89  90  91  92  93  94  95  96  98 101
 102 103 104 105 106 107 108 109 110 112 113 115 116 117 119 122 124 125
 126 127 129 131 134 135 137 138 139 140 141 142 143]","[ 0  1  2  3  4  5  7  8  9 10 12 13 14 15 16 17 18 19 20 21 22 23 24 25
 29 30 31 32 33 35 36 37 38 39 40 43 44 45 46 48 49 50 51 53 54 55 56 57
 59 67 68 69 70 71 72 73 74 75 78]"
256,0.15850000000000003,"[  1   2   3   4   7   8  10  12  13  14  15  18  19  20  21  22  23  25
  27  28  29  30  32  34  36  37  38  39  42  43  44  45  46  47  49  52
  53  54  56  57  58  59  60  62  65  66  69  74  75  76  77  78  79  80
  81  82  83  84  85  86  88  89  90  91  92  93  94  95  96  98 101 102
 103 104 105 106 107 108 109 110 112 113 115 116 117 119 122 124 125 126
 127 129 131 134 135 137 138 139 140 141 142 143]","[ 0  1  2  3  4  5  7  8  9 10 12 13 14 15 16 17 18 19 20 21 22 23 24 25
 29 30 31 32 33 35 36 37 38 39 40 43 44 45 46 48 49 50 51 53 54 55 56 57
 59 67 68 69 70 71 72 73 74 75 76 78]"
257,0.15850000000000003,"[  1   2   3   4   7   8  10  12  13  14  15  18  19  20  21  22  23  25
  27  28  29  30  31  32  34  36  37  38  39  42  43  44  45  46  47  49
  52  53  54  56  57  58  59  60  62  65  66  69  74  75  76  77  79  80
  81  82  83  84  85  86  88  89  90  91  92  93  94  95  96  98 101 102
 103 104 105 106 107 108 109 110 112 113 115 116 117 119 122 124 125 126
 127 129 131 134 135 137 138 139 140 141 142 143]","[ 0  1  2  3  4  5  7  8  9 10 12 13 14 15 16 17 18 19 20 21 22 23 24 25
 29 30 31 32 33 34 35 36 37 38 39 40 43 44 45 46 48 49 50 51 53 54 55 56
 57 59 67 68 69 70 71 72 73 74 75 78]"
258,0.109,"[  1   2   3   4   7   8  10  12  13  14  15  18  19  20  21  22  23  25
  27  28  29  30  32  34  36  37  38  39  42  43  44  45  46  47  49  52
  53  54  56  57  58  59  60  62  65  66  69  74  75  76  77  79  80  81
  82  83  84  85  86  88  89  90  91  92  93  94  95  96  98 101 102 103
 104 105 106 107 108 109 110 112 113 115 116 117 119 122 124 125 126 127
 129 131 134 135 137 138 139 140 141 142 143]","[ 0  1  2  3  4  5  7  8  9 10 12 13 14 15 16 17 18 19 20 21 22 23 24 25
 29 30 31 32 33 34 35 36 37 38 39 40 43 44 45 46 48 49 50 51 53 54 55 56
 57 59 67 68 69 70 71 72 73 74 75 76 78]"
259,0.15850000000000003,"[  1   2   3   4   5   8   9  10  11  12  13  14  15  18  19  20  21  23
  24  25  27  28  29  30  32  34  36  38  39  42  43  44  45  46  47  49
  52  53  54  56  57  58  59  60  62  65  66  69  74  75  76  77  79  80
  81  82  84  85  86  89  90  91  92  93  94  95  96  97  98 101 102 103
 105 107 108 109 112 113 114 115 116 117 119 121 122 124 125 126 127 129
 131 133 134 135 137 139 140 141 142 143 144]","[ 0  1  2  3  4  5  7  8  9 10 12 13 14 15 16 17 18 19 20 21 22 23 24 25
 26 29 30 31 32 33 34 36 37 38 39 43 44 45 46 47 48 49 50 51 53 55 56 57
 59 67 68 69 70 71 72 73 74 75 76 78]"
260,0.15850000000000003,"[  1   2   3   4   6   8  10  12  13  14  15  18  19  20  21  22  23  25
  27  28  29  30  31  32  34  36  37  38  39  42  43  44  45  46  47  49
  51  52  53  54  56  57  58  59  60  61  62  65  66  69  74  75  76  77
  78  79  80  81  82  83  84  85  86  89  90  91  92  93  94  95  96  98
 101 102 103 105 107 108 109 112 113 115 116 117 119 122 124 125 126 127
 129 131 132 134 135 137 139 140 141 142 143]","[ 0  1  2  3  4  5  7  8  9 10 12 13 14 15 16 17 18 19 20 21 22 23 24 25
 29 30 31 32 33 35 36 37 38 39 40 43 44 45 46 47 48 49 50 51 53 54 55 56
 57 67 68 69 70 71 72 73 74 75 78]"
261,0.109,"[  1   2   3   4   7   9  10  12  13  14  15  18  19  20  22  23  25  26
  27  28  29  30  34  36  37  38  39  43  44  45  46  47  48  49  50  52
  54  56  57  58  60  61  65  66  68  70  74  75  76  77  79  80  81  82
  83  84  85  86  88  89  90  91  92  93  94  95  96  98 101 102 103 104
 105 106 107 108 109 110 112 113 114 115 116 117 119 120 124 125 126 127
 129 131 134 135 137 138 139 140 141 142 143]","[ 0  1  2  3  4  5  7  8  9 10 12 13 14 15 16 17 18 19 20 21 22 23 24 25
 27 29 30 31 32 33 34 36 37 38 39 40 43 44 45 46 48 50 51 53 55 56 57 67
 68 69 70 71 72 73 74 75 76 78]"
262,0.20800000000000002,"[  1   2   3   4   7   8  10  12  13  14  15  18  19  20  21  23  25  27
  28  29  30  32  34  36  38  39  42  43  44  45  46  47  49  52  53  54
  56  57  58  59  60  62  65  66  69  74  75  76  77  79  80  81  82  84
  85  86  88  89  90  91  92  93  94  95  96  98 101 102 103 104 105 106
 107 108 109 110 112 113 115 116 117 119 122 124 125 126 127 129 131 134
 135 137 138 139 140 141 142 143]","[ 0  1  2  3  4  5  7  8  9 10 12 13 14 15 16 17 18 19 20 21 22 23 24 25
 26 29 30 31 32 33 34 35 36 37 38 39 40 43 44 45 46 48 49 50 51 53 54 55
 56 57 59 67 68 69 70 71 72 73 74 75 76 78]"
263,0.15850000000000003,"[  1   2   3   4   5   8  10  11  12  13  14  15  18  19  20  21  23  24
  25  27  28  29  30  32  34  36  38  39  42  43  44  45  46  47  49  52
  53  54  56  57  58  59  60  62  65  66  69  74  75  76  77  79  80  81
  82  84  85  86  89  90  91  92  93  94  95  96  97  98 101 102 103 105
 107 108 109 112 113 115 116 117 119 121 122 124 125 126 127 129 131 133
 134 135 137 139 140 141 142 143]","[ 0  1  2  3  4  5  7  8  9 10 12 13 14 15 16 17 18 19 20 21 22 23 24 25
 26 29 30 31 32 33 34 36 37 38 39 43 44 45 46 47 48 49 50 51 53 54 55 56
 57 59 67 68 69 70 71 72 73 74 75 76 78]"
264,0.109,"[  1   2   3   4   7  10  12  13  14  15  17  18  19  20  22  23  25  27
  28  29  30  34  35  36  37  38  39  43  44  45  46  47  49  52  54  56
  57  58  60  61  65  66  67  74  75  76  77  79  80  81  82  83  84  85
  86  88  89  90  91  92  93  94  95  96  98 101 102 103 104 105 106 107
 108 109 110 112 113 115 116 117 118 119 124 125 126 127 129 131 134 135
 137 138 139 140 141 142 143]","[ 0  1  2  3  4  5  7  8  9 10 12 13 14 15 16 17 18 19 20 22 23 24 25 27
 29 30 31 32 33 34 35 36 37 38 39 40 43 44 45 46 48 49 50 51 53 54 55 56
 57 67 68 69 70 71 73 74 75 76 78]"
265,0.15850000000000003,"[  1   2   3   4   8  10  12  13  14  15  18  19  20  21  22  23  25  27
  28  29  30  32  34  36  37  38  39  42  43  44  45  46  47  49  52  53
  54  56  57  58  59  60  62  65  66  69  74  75  76  77  79  80  81  82
  83  84  85  86  89  90  91  92  93  94  95  96  98 101 102 103 105 107
 108 109 112 113 115 116 117 119 122 124 125 126 127 129 131 134 135 137
 139 140 141 142 143]","[ 0  1  2  3  4  5  7  8  9 10 12 13 14 15 16 17 18 19 20 21 22 23 24 25
 29 30 31 32 33 34 35 36 37 38 39 40 43 44 45 46 47 48 49 50 51 53 54 55
 56 57 59 67 68 69 70 71 72 73 74 75 76 78]"
266,0.15850000000000003,"[  1   2   3   4   6   8  10  12  13  14  15  18  19  20  21  23  25  27
  28  29  30  32  34  36  38  39  42  43  44  45  46  47  49  52  53  54
  56  57  58  59  60  61  62  65  66  69  74  75  76  77  79  80  81  82
  84  85  86  89  90  91  92  93  94  95  96  98 101 102 103 105 107 108
 109 112 113 115 116 117 119 122 124 125 126 127 129 131 132 134 135 137
 139 140 141 142 143]","[ 0  1  2  3  4  5  7  8  9 10 12 13 14 15 16 17 18 19 20 21 22 23 24 25
 26 29 30 31 32 33 34 35 36 37 38 39 40 43 44 45 46 47 48 49 50 51 53 54
 55 56 57 67 68 69 70 71 72 73 74 75 76 78]"
267,0.15850000000000003,"[  1   2   3   4   8  10  12  13  14  15  18  19  20  21  23  25  27  28
  29  30  32  34  36  38  39  42  43  44  45  46  47  49  52  53  54  56
  57  58  59  60  62  65  66  69  74  75  76  77  79  80  81  82  84  85
  86  89  90  91  92  93  94  95  96  98  99 101 102 103 105 107 108 109
 112 113 115 116 117 119 122 123 124 125 126 127 129 131 134 135 137 139
 140 141 142 143]","[ 0  1  2  3  4  5  7  8  9 10 12 13 14 15 16 17 18 19 20 21 22 23 24 25
 26 29 30 31 32 33 34 35 36 37 38 39 40 43 44 45 46 47 48 49 50 51 54 55
 56 57 59 67 68 69 70 71 72 73 74 75 76 78]"
